area,population_density,statistic_yyy,site_id,people_total
23.1373,23976,107,新北市板橋區,554742
16.317,23646,107,新北市三重區,385826
20.144,20477,107,新北市中和區,412486
5.7138,38695,107,新北市永和區,221098
19.7383,21165,107,新北市新莊區,417754
120.2255,2514,107,新北市新店區,302231
33.1288,5552,107,新北市樹林區,183946
21.1248,4088,107,新北市鶯歌區,86361
191.4508,605,107,新北市三峽區,115820
70.6565,2456,107,新北市淡水區,173502
71.2354,2815,107,新北市汐止區,200535
70.7336,565,107,新北市瑞芳區,39982
29.5578,8015,107,新北市土城區,236901
7.4351,27079,107,新北市蘆洲區,201332
34.8632,2476,107,新北市五股區,86329
19.1603,4108,107,新北市泰山區,78708
54.1519,2033,107,新北市林口區,110081
20.5787,1148,107,新北市深坑區,23634
144.3498,54,107,新北市石碇區,7731
170.835,39,107,新北市坪林區,6612
65.9909,348,107,新北市三芝區,22978
51.2645,236,107,新北市石門區,12115
39.4933,985,107,新北市八里區,38906
71.3382,65,107,新北市平溪區,4666
146.2484,61,107,新北市雙溪區,8860
99.9734,123,107,新北市貢寮區,12301
49.2132,442,107,新北市金山區,21774
63.3766,348,107,新北市萬里區,22068
321.1306,20,107,新北市烏來區,6438
9.2878,22148,107,臺北市松山區,205702
11.2077,19933,107,臺北市信義區,223406
11.3614,27184,107,臺北市大安區,308843
13.6821,16771,107,臺北市中山區,229456
7.6071,20902,107,臺北市中正區,159000
5.6815,22463,107,臺北市大同區,127625
8.8522,21419,107,臺北市萬華區,189603
31.509,8688,107,臺北市文山區,273762
21.8424,5570,107,臺北市南港區,121670
31.5787,9102,107,臺北市內湖區,287429
62.3682,4594,107,臺北市士林區,286544
56.8216,4497,107,臺北市北投區,255532
34.8046,12852,107,桃園市桃園區,447302
76.52,5385,107,桃園市中壢區,412063
105.1206,903,107,桃園市大溪區,94885
89.1229,1912,107,桃園市楊梅區,170380
75.5025,2177,107,桃園市蘆竹區,164384
87.3925,1040,107,桃園市大園區,90888
72.0177,2230,107,桃園市龜山區,160591
33.7111,5998,107,桃園市八德區,202198
75.2341,1637,107,桃園市龍潭區,123175
47.7532,4741,107,桃園市平鎮區,226412
85.0166,579,107,桃園市新屋區,49210
87.9807,766,107,桃園市觀音區,67358
350.7775,34,107,桃園市復興區,12026
0.8803,21031,107,臺中市中區,18514
9.2855,8204,107,臺中市東區,76175
6.8101,18483,107,臺中市南區,125874
5.7042,20283,107,臺中市西區,115698
6.9376,21269,107,臺中市北區,147557
39.8467,5738,107,臺中市西屯區,228630
31.2578,5458,107,臺中市南屯區,170618
62.7034,4454,107,臺中市北屯區,279297
41.1845,4056,107,臺中市豐原區,167025
117.4065,428,107,臺中市東勢區,50256
58.5192,1326,107,臺中市大甲區,77625
64.1709,1354,107,臺中市清水區,86862
40.4604,2325,107,臺中市沙鹿區,94079
16.6049,3506,107,臺中市梧棲區,58218
58.9439,929,107,臺中市后里區,54775
35.0445,1875,107,臺中市神岡區,65711
25.8497,4215,107,臺中市潭子區,108952
32.4109,2956,107,臺中市大雅區,95815
68.8874,357,107,臺中市新社區,24576
18.2105,821,107,臺中市石岡區,14956
42.4099,760,107,臺中市外埔區,32230
27.4045,703,107,臺中市大安區,19267
43.4032,1737,107,臺中市烏日區,75372
37.0024,1549,107,臺中市大肚區,57324
38.0377,2051,107,臺中市龍井區,77998
98.0779,669,107,臺中市霧峰區,65619
120.7473,1588,107,臺中市太平區,191752
28.8758,7345,107,臺中市大里區,212104
1037.8192,11,107,臺中市和平區,11015
38.5386,2014,107,臺南市新營區,77617
52.2455,486,107,臺南市鹽水區,25395
126.4046,222,107,臺南市白河區,28105
61.2929,346,107,臺南市柳營區,21205
72.2189,323,107,臺南市後壁區,23346
124.9178,166,107,臺南市東山區,20788
53.9744,820,107,臺南市麻豆區,44260
33.5291,713,107,臺南市下營區,23916
67.5471,328,107,臺南市六甲區,22148
70.7953,301,107,臺南市官田區,21314
70.3125,137,107,臺南市大內區,9605
38.9422,1517,107,臺南市佳里區,59083
53.9919,475,107,臺南市學甲區,25665
33.7666,731,107,臺南市西港區,24690
110.1492,206,107,臺南市七股區,22732
41.9796,468,107,臺南市將軍區,19664
44.1003,251,107,臺南市北門區,11051
62.0579,700,107,臺南市新化區,43456
55.3097,885,107,臺南市善化區,48968
47.8096,772,107,臺南市新市區,36898
31.27,975,107,臺南市安定區,30483
27.878,262,107,臺南市山上區,7317
76.3662,183,107,臺南市玉井區,13997
109.6316,87,107,臺南市楠西區,9537
171.5198,51,107,臺南市南化區,8724
74.9025,64,107,臺南市左鎮區,4781
50.7664,1495,107,臺南市仁德區,75878
55.7913,1226,107,臺南市歸仁區,68403
53.6413,640,107,臺南市關廟區,34353
64.0814,62,107,臺南市龍崎區,3995
40.2753,5832,107,臺南市永康區,234891
13.4156,13883,107,臺南市東區,186250
27.2681,4578,107,臺南市南區,124824
10.434,12662,107,臺南市北區,132112
107.2016,1804,107,臺南市安南區,193438
11.0663,6034,107,臺南市安平區,66775
6.26,12487,107,臺南市中西區,78167
1.4161,16990,107,高雄市鹽埕區,24059
14.7523,9499,107,高雄市鼓山區,140133
19.3823,10157,107,高雄市左營區,196872
25.8276,7189,107,高雄市楠梓區,185687
19.7866,17229,107,高雄市三民區,340913
1.9764,25821,107,高雄市新興區,51032
1.8573,14446,107,高雄市前金區,26831
8.1522,20810,107,高雄市苓雅區,169648
19.1207,9850,107,高雄市前鎮區,188340
1.4639,19473,107,高雄市旗津區,28506
45.4426,3471,107,高雄市小港區,157742
26.759,13435,107,高雄市鳳山區,359519
32.286,2164,107,高雄市林園區,69870
71.04,1583,107,高雄市大寮區,112421
66.9811,633,107,高雄市大樹區,42390
26.5848,1302,107,高雄市大社區,34604
36.0808,2430,107,高雄市仁武區,87694
24.5927,1808,107,高雄市鳥松區,44469
47.9421,2025,107,高雄市岡山區,97103
25.9379,1452,107,高雄市橋頭區,37650
65.395,456,107,高雄市燕巢區,29820
92.6802,77,107,高雄市田寮區,7159
34.6164,828,107,高雄市阿蓮區,28658
48.4348,1085,107,高雄市路竹區,52538
20.1615,1478,107,高雄市湖內區,29794
15.7624,1909,107,高雄市茄萣區,30089
22.6141,615,107,高雄市永安區,13909
14.7772,1303,107,高雄市彌陀區,19252
11.5967,3099,107,高雄市梓官區,35940
94.6122,387,107,高雄市旗山區,36652
120.0316,330,107,高雄市美濃區,39589
194.1584,67,107,高雄市六龜區,12939
124.034,49,107,高雄市甲仙區,6026
104.0036,113,107,高雄市杉林區,11795
95.6224,151,107,高雄市內門區,14437
194,10,107,高雄市茂林區,1994
928.98,5,107,高雄市桃源區,4311
252.9895,12,107,高雄市那瑪夏區,3148
29.408,3255,107,宜蘭縣宜蘭市,95732
11.3448,6385,107,宜蘭縣羅東鎮,72433
89.0196,446,107,宜蘭縣蘇澳鎮,39682
100.893,289,107,宜蘭縣頭城鎮,29133
101.4278,351,107,宜蘭縣礁溪鄉,35619
38.4769,632,107,宜蘭縣壯圍鄉,24302
111.9106,288,107,宜蘭縣員山鄉,32281
79.8573,662,107,宜蘭縣冬山鄉,52880
38.8671,1017,107,宜蘭縣五結鄉,39543
144.2238,148,107,宜蘭縣三星鄉,21359
657.5442,9,107,宜蘭縣大同鄉,6242
740.652,8,107,宜蘭縣南澳鄉,6015
46.8341,4000,107,新竹縣竹北市,187336
125.5193,227,107,新竹縣關西鎮,28537
72.1911,459,107,新竹縣新埔鎮,33104
53.5133,1801,107,新竹縣竹東鎮,96380
58.4303,1329,107,新竹縣湖口鄉,77668
66.3502,195,107,新竹縣橫山鄉,12942
46.3496,1229,107,新竹縣新豐鄉,56980
40.7858,491,107,新竹縣芎林鄉,20025
64.7871,226,107,新竹縣寶山鄉,14647
50.6676,184,107,新竹縣北埔鄉,9335
46.801,119,107,新竹縣峨眉鄉,5587
527.5795,18,107,新竹縣尖石鄉,9695
227.728,21,107,新竹縣五峰鄉,4774
37.8878,2328,107,苗栗縣苗栗市,88216
53.3205,1933,107,苗栗縣頭份市,103081
68.2473,662,107,苗栗縣苑裡鎮,45211
107.8486,315,107,苗栗縣通霄鎮,33992
37.5592,2293,107,苗栗縣竹南鎮,86130
75.8079,478,107,苗栗縣後龍鎮,36257
76.3153,219,107,苗栗縣卓蘭鎮,16732
90.8396,159,107,苗栗縣大湖鄉,14482
71.4523,465,107,苗栗縣公館鄉,33261
78.3805,228,107,苗栗縣銅鑼鄉,17871
165.4938,61,107,苗栗縣南庄鄉,10042
52.5046,203,107,苗栗縣頭屋鄉,10667
69.3424,234,107,苗栗縣三義鄉,16204
41.0758,171,107,苗栗縣西湖鄉,7033
47.9978,265,107,苗栗縣造橋鄉,12701
52.2964,126,107,苗栗縣三灣鄉,6613
79.4324,55,107,苗栗縣獅潭鄉,4331
614.5127,10,107,苗栗縣泰安鄉,6039
65.6947,3543,107,彰化縣彰化市,232729
40.038,3119,107,彰化縣員林市,124890
39.4625,2200,107,彰化縣鹿港鎮,86818
39.9345,2273,107,彰化縣和美鎮,90782
19.2547,1731,107,彰化縣北斗鎮,33321
32.0592,1727,107,彰化縣溪湖鎮,55365
34.6056,1200,107,彰化縣田中鎮,41541
92.8478,544,107,彰化縣二林鎮,50536
18.0856,932,107,彰化縣線西鄉,16860
22.3268,1663,107,彰化縣伸港鄉,37121
49.8934,943,107,彰化縣福興鄉,47059
29.3447,1339,107,彰化縣秀水鄉,39291
36.3469,1262,107,彰化縣花壇鄉,45853
38.0204,620,107,彰化縣芬園鄉,23583
30.7837,1201,107,彰化縣大村鄉,36968
38.6081,841,107,彰化縣埔鹽鄉,32460
20.9526,1658,107,彰化縣埔心鄉,34745
20.6382,1791,107,彰化縣永靖鄉,36962
36.1449,1186,107,彰化縣社頭鄉,42882
29.4449,515,107,彰化縣二水鄉,15153
24.0375,1137,107,彰化縣田尾鄉,27336
42.7508,714,107,彰化縣埤頭鄉,30508
91.3827,366,107,彰化縣芳苑鄉,33489
63.7406,262,107,彰化縣大城鄉,16717
42.1662,358,107,彰化縣竹塘鄉,15095
75.831,392,107,彰化縣溪州鄉,29760
71.6021,1390,107,南投縣南投市,99519
162.2227,495,107,南投縣埔里鎮,80340
104.0327,934,107,南投縣草屯鎮,97119
247.3339,221,107,南投縣竹山鎮,54540
49.7268,217,107,南投縣集集鎮,10804
83.0955,460,107,南投縣名間鄉,38265
141.8981,125,107,南投縣鹿谷鄉,17687
146.6541,100,107,南投縣中寮鄉,14680
121.3735,130,107,南投縣魚池鄉,15753
175.7042,106,107,南投縣國姓鄉,18629
106.8424,164,107,南投縣水里鄉,17496
1422.4188,11,107,南投縣信義鄉,16230
1273.5312,13,107,南投縣仁愛鄉,15969
93.7151,1158,107,雲林縣斗六市,108542
48.1505,925,107,雲林縣斗南鎮,44547
68.742,1031,107,雲林縣虎尾鎮,70844
49.7985,925,107,雲林縣西螺鎮,46064
49.0212,587,107,雲林縣土庫鎮,28794
41.4999,962,107,雲林縣北港鎮,39905
166.6059,188,107,雲林縣古坑鄉,31358
44.9973,423,107,雲林縣大埤鄉,19030
50.8502,564,107,雲林縣莿桐鄉,28703
37.6035,479,107,雲林縣林內鄉,17995
59.5625,451,107,雲林縣二崙鄉,26855
58.484,416,107,雲林縣崙背鄉,24345
80.1668,576,107,雲林縣麥寮鄉,46196
48.3562,305,107,雲林縣東勢鄉,14766
37.0552,348,107,雲林縣褒忠鄉,12912
54.0983,439,107,雲林縣臺西鄉,23730
71.5872,358,107,雲林縣元長鄉,25643
77.1189,301,107,雲林縣四湖鄉,23209
80.4612,339,107,雲林縣口湖鄉,27276
72.9582,347,107,雲林縣水林鄉,25308
66.8964,569,107,嘉義縣太保市,38069
49.5737,849,107,嘉義縣朴子市,42112
61.7307,434,107,嘉義縣布袋鎮,26773
64.1663,481,107,嘉義縣大林鎮,30896
85.4969,835,107,嘉義縣民雄鄉,71367
33.0463,442,107,嘉義縣溪口鄉,14592
66.0495,480,107,嘉義縣新港鄉,31723
62.2619,369,107,嘉義縣六腳鄉,22960
81.5821,301,107,嘉義縣東石鄉,24580
79.2925,230,107,嘉義縣義竹鄉,18242
54.3151,283,107,嘉義縣鹿草鄉,15358
69.1198,713,107,嘉義縣水上鄉,49316
129.5016,344,107,嘉義縣中埔鄉,44584
162.2256,219,107,嘉義縣竹崎鄉,35584
119.7571,161,107,嘉義縣梅山鄉,19282
117.5269,97,107,嘉義縣番路鄉,11430
173.2472,27,107,嘉義縣大埔鄉,4603
427.8471,13,107,嘉義縣阿里山鄉,5597
65.067,3068,107,屏東縣屏東市,199606
42.4331,1270,107,屏東縣潮州鎮,53893
29.4635,1616,107,屏東縣東港鎮,47613
136.763,225,107,屏東縣恆春鎮,30818
57.4679,879,107,屏東縣萬丹鄉,50514
39.8861,744,107,屏東縣長治鄉,29677
16.26,679,107,屏東縣麟洛鄉,11036
42.0187,525,107,屏東縣九如鄉,22061
68.9208,378,107,屏東縣里港鄉,26044
64.3493,400,107,屏東縣鹽埔鄉,25719
90.1522,270,107,屏東縣高樹鄉,24384
60.7315,339,107,屏東縣萬巒鄉,20593
81.8554,661,107,屏東縣內埔鄉,54115
29.0732,589,107,屏東縣竹田鄉,17119
59.0102,169,107,屏東縣新埤鄉,9981
57.7347,421,107,屏東縣枋寮鄉,24323
38.3109,910,107,屏東縣新園鄉,34880
31.2659,496,107,屏東縣崁頂鄉,15519
15.6233,1139,107,屏東縣林邊鄉,17795
18.97,561,107,屏東縣南州鄉,10639
30.9842,617,107,屏東縣佳冬鄉,19121
6.8018,1818,107,屏東縣琉球鄉,12364
49.8517,172,107,屏東縣車城鄉,8577
142.2013,56,107,屏東縣滿州鄉,7968
17.2697,318,107,屏東縣枋山鄉,5498
196.3965,39,107,屏東縣三地門鄉,7697
278.796,12,107,屏東縣霧臺鄉,3354
78.7008,87,107,屏東縣瑪家鄉,6829
118.6266,45,107,屏東縣泰武鄉,5392
167.7756,44,107,屏東縣來義鄉,7433
160.001,31,107,屏東縣春日鄉,4909
301.0018,16,107,屏東縣獅子鄉,4954
181.8366,27,107,屏東縣牡丹鄉,4981
109.7691,962,107,臺東縣臺東市,105573
143.9939,98,107,臺東縣成功鎮,14059
58.7351,148,107,臺東縣關山鎮,8703
412.6871,42,107,臺東縣卑南鄉,17269
69.1454,87,107,臺東縣大武鄉,6046
96.6523,115,107,臺東縣太麻里鄉,11147
210.1908,40,107,臺東縣東河鄉,8479
155.1868,46,107,臺東縣長濱鄉,7182
89.698,88,107,臺東縣鹿野鄉,7875
82.6854,99,107,臺東縣池上鄉,8199
15.0919,271,107,臺東縣綠島鄉,4097
455.8805,8,107,臺東縣延平鄉,3628
880.0382,5,107,臺東縣海端鄉,4186
306.4454,12,107,臺東縣達仁鄉,3580
380.6635,10,107,臺東縣金峰鄉,3739
48.3892,107,107,臺東縣蘭嶼鄉,5157
29.4095,3531,107,花蓮縣花蓮市,103841
120.5181,90,107,花蓮縣鳳林鎮,10846
252.3719,95,107,花蓮縣玉里鎮,24007
29.4095,685,107,花蓮縣新城鄉,20159
65.2582,1275,107,花蓮縣吉安鄉,83221
218.4448,82,107,花蓮縣壽豐鄉,17949
157.11,81,107,花蓮縣光復鄉,12789
162.4332,29,107,花蓮縣豐濱鄉,4752
135.5862,86,107,花蓮縣瑞穗鄉,11668
176.3705,58,107,花蓮縣富里鄉,10277
1641.8555,10,107,花蓮縣秀林鄉,15939
618.491,10,107,花蓮縣萬榮鄉,6419
1021.313,6,107,花蓮縣卓溪鄉,6101
33.9918,1842,107,澎湖縣馬公市,62610
33.3008,438,107,澎湖縣湖西鄉,14594
20.0875,489,107,澎湖縣白沙鄉,9827
18.7148,446,107,澎湖縣西嶼鄉,8349
13.7824,380,107,澎湖縣望安鄉,5235
6.9868,547,107,澎湖縣七美鄉,3825
10.2118,5060,107,基隆市中正區,51670
56.2659,956,107,基隆市七堵區,53782
22.8283,1692,107,基隆市暖暖區,38619
4.2335,10330,107,基隆市仁愛區,43730
10.5238,4504,107,基隆市中山區,47398
18.025,4566,107,基隆市安樂區,82294
10.6706,4935,107,基隆市信義區,52662
33.5768,6420,107,新竹市東區,215566
15.7267,9645,107,新竹市北區,151679
54.8491,1429,107,新竹市香山區,78390
30.1556,4018,107,嘉義市東區,121162
29.87,4937,107,嘉義市西區,147460
21.713,1995,107,金門縣金城鎮,43325
41.696,716,107,金門縣金湖鎮,29856
41.19,505,107,金門縣金沙鎮,20784
29.854,1064,107,金門縣金寧鄉,31765
16.003,804,107,金門縣烈嶼鄉,12861
1.2,568,107,金門縣烏坵鄉,682
10.4,737,107,連江縣南竿鄉,7663
9.9,245,107,連江縣北竿鄉,2425
4.7,344,107,連江縣莒光鄉,1618
3.8,355,107,連江縣東引鄉,1350
23.1373,24069,108,新北市板橋區,556897
16.317,23677,108,新北市三重區,386336
20.144,20506,108,新北市中和區,413069
5.7138,38607,108,新北市永和區,220595
19.7383,21302,108,新北市新莊區,420473
120.2255,2524,108,新北市新店區,303445
33.1288,5552,108,新北市樹林區,183926
21.1248,4112,108,新北市鶯歌區,86869
191.4508,608,108,新北市三峽區,116478
70.6565,2528,108,新北市淡水區,178610
71.2354,2856,108,新北市汐止區,203429
70.7336,559,108,新北市瑞芳區,39536
29.5578,8042,108,新北市土城區,237696
7.4351,27153,108,新北市蘆洲區,201883
34.8632,2524,108,新北市五股區,88000
19.1603,4110,108,新北市泰山區,78751
54.1519,2134,108,新北市林口區,115582
20.5787,1153,108,新北市深坑區,23725
144.3498,53,108,新北市石碇區,7629
170.835,39,108,新北市坪林區,6689
65.9909,345,108,新北市三芝區,22768
51.2645,231,108,新北市石門區,11834
39.4933,1001,108,新北市八里區,39531
71.3382,64,108,新北市平溪區,4546
146.2484,59,108,新北市雙溪區,8665
99.9734,120,108,新北市貢寮區,12033
49.2132,435,108,新北市金山區,21396
63.3766,345,108,新北市萬里區,21872
321.1306,20,108,新北市烏來區,6433
9.2878,21985,108,臺北市松山區,204193
11.2077,19631,108,臺北市信義區,220021
11.3614,27077,108,臺北市大安區,307631
13.6821,16619,108,臺北市中山區,227387
7.6071,20772,108,臺北市中正區,158014
5.6815,22185,108,臺北市大同區,126043
8.8522,21133,108,臺北市萬華區,187076
31.509,8626,108,臺北市文山區,271806
21.8424,5507,108,臺北市南港區,120297
31.5787,9050,108,臺北市內湖區,285795
62.3682,4545,108,臺北市士林區,283459
56.8216,4458,108,臺北市北投區,253319
34.8046,13010,108,桃園市桃園區,452824
76.52,5455,108,桃園市中壢區,417380
105.1206,909,108,桃園市大溪區,95550
89.1229,1942,108,桃園市楊梅區,173049
75.5025,2204,108,桃園市蘆竹區,166406
87.3925,1065,108,桃園市大園區,93078
72.0177,2262,108,桃園市龜山區,162921
33.7111,6110,108,桃園市八德區,205974
75.2341,1649,108,桃園市龍潭區,124031
47.7532,4784,108,桃園市平鎮區,228436
85.0166,579,108,桃園市新屋區,49256
87.9807,772,108,桃園市觀音區,67956
350.7775,35,108,桃園市復興區,12176
0.8803,20891,108,臺中市中區,18390
9.2855,8179,108,臺中市東區,75943
6.8101,18586,108,臺中市南區,126571
5.7042,20208,108,臺中市西區,115273
6.9376,21245,108,臺中市北區,147391
39.8467,5785,108,臺中市西屯區,230501
31.2578,5552,108,臺中市南屯區,173532
62.7034,4523,108,臺中市北屯區,283621
41.1845,4052,108,臺中市豐原區,166875
117.4065,424,108,臺中市東勢區,49773
58.5192,1313,108,臺中市大甲區,76822
64.1709,1365,108,臺中市清水區,87587
40.4604,2342,108,臺中市沙鹿區,94755
16.6049,3548,108,臺中市梧棲區,58921
58.9439,927,108,臺中市后里區,54666
35.0445,1874,108,臺中市神岡區,65679
25.8497,4229,108,臺中市潭子區,109324
32.4109,2955,108,臺中市大雅區,95772
68.8874,353,108,臺中市新社區,24289
18.2105,810,108,臺中市石岡區,14758
42.4099,760,108,臺中市外埔區,32224
27.4045,697,108,臺中市大安區,19111
43.4032,1742,108,臺中市烏日區,75610
37.0024,1543,108,臺中市大肚區,57085
38.0377,2051,108,臺中市龍井區,78027
98.0779,667,108,臺中市霧峰區,65419
120.7473,1604,108,臺中市太平區,193729
28.8758,7366,108,臺中市大里區,212711
1037.8192,11,108,臺中市和平區,10902
38.5386,1997,108,臺南市新營區,76969
52.2455,483,108,臺南市鹽水區,25223
126.4046,219,108,臺南市白河區,27688
61.2929,344,108,臺南市柳營區,21068
72.2189,318,108,臺南市後壁區,23001
124.9178,164,108,臺南市東山區,20449
53.9744,815,108,臺南市麻豆區,43993
33.5291,706,108,臺南市下營區,23686
67.5471,324,108,臺南市六甲區,21886
70.7953,302,108,臺南市官田區,21371
70.3125,134,108,臺南市大內區,9391
38.9422,1517,108,臺南市佳里區,59089
53.9919,472,108,臺南市學甲區,25501
33.7666,727,108,臺南市西港區,24554
110.1492,202,108,臺南市七股區,22299
41.9796,461,108,臺南市將軍區,19353
44.1003,246,108,臺南市北門區,10830
62.0579,697,108,臺南市新化區,43254
55.3097,904,108,臺南市善化區,50018
47.8096,780,108,臺南市新市區,37269
31.27,973,108,臺南市安定區,30413
27.878,258,108,臺南市山上區,7199
76.3662,180,108,臺南市玉井區,13769
109.6316,85,108,臺南市楠西區,9319
171.5198,50,108,臺南市南化區,8583
74.9025,62,108,臺南市左鎮區,4676
50.7664,1499,108,臺南市仁德區,76094
55.7913,1221,108,臺南市歸仁區,68135
53.6413,638,108,臺南市關廟區,34202
64.0814,61,108,臺南市龍崎區,3900
40.2753,5852,108,臺南市永康區,235699
13.4156,13865,108,臺南市東區,186009
27.2681,4573,108,臺南市南區,124696
10.434,12601,108,臺南市北區,131480
107.2016,1812,108,臺南市安南區,194228
11.0663,6065,108,臺南市安平區,67119
6.26,12539,108,臺南市中西區,78493
1.4161,16870,108,高雄市鹽埕區,23889
14.7523,9562,108,高雄市鼓山區,141055
19.3823,10201,108,高雄市左營區,197728
25.8276,7279,108,高雄市楠梓區,187999
19.7866,17146,108,高雄市三民區,339269
1.9764,25812,108,高雄市新興區,51014
1.8573,14472,108,高雄市前金區,26879
8.1522,20709,108,高雄市苓雅區,168825
19.1207,9807,108,高雄市前鎮區,187524
1.4639,19215,108,高雄市旗津區,28129
45.4426,3472,108,高雄市小港區,157793
26.759,13449,108,高雄市鳳山區,359882
32.286,2156,108,高雄市林園區,69604
71.04,1580,108,高雄市大寮區,112259
66.9811,629,108,高雄市大樹區,42142
26.5848,1294,108,高雄市大社區,34410
36.0808,2483,108,高雄市仁武區,89595
24.5927,1828,108,高雄市鳥松區,44960
47.9421,2026,108,高雄市岡山區,97127
25.9379,1475,108,高雄市橋頭區,38254
65.395,454,108,高雄市燕巢區,29686
92.6802,76,108,高雄市田寮區,7043
34.6164,823,108,高雄市阿蓮區,28489
48.4348,1077,108,高雄市路竹區,52185
20.1615,1472,108,高雄市湖內區,29684
15.7624,1904,108,高雄市茄萣區,30006
22.6141,610,108,高雄市永安區,13786
14.7772,1289,108,高雄市彌陀區,19049
11.5967,3083,108,高雄市梓官區,35750
94.6122,384,108,高雄市旗山區,36313
120.0316,326,108,高雄市美濃區,39074
194.1584,65,108,高雄市六龜區,12633
124.034,48,108,高雄市甲仙區,5943
104.0036,112,108,高雄市杉林區,11681
95.6224,148,108,高雄市內門區,14195
194,10,108,高雄市茂林區,1937
928.98,5,108,高雄市桃源區,4261
252.9895,12,108,高雄市那瑪夏區,3146
29.408,3250,108,宜蘭縣宜蘭市,95562
11.3448,6338,108,宜蘭縣羅東鎮,71898
89.0196,440,108,宜蘭縣蘇澳鎮,39155
100.893,287,108,宜蘭縣頭城鎮,28985
101.4278,349,108,宜蘭縣礁溪鄉,35417
38.4769,635,108,宜蘭縣壯圍鄉,24424
111.9106,288,108,宜蘭縣員山鄉,32284
79.8573,665,108,宜蘭縣冬山鄉,53103
38.8671,1028,108,宜蘭縣五結鄉,39959
144.2238,148,108,宜蘭縣三星鄉,21278
657.5442,9,108,宜蘭縣大同鄉,6143
740.652,8,108,宜蘭縣南澳鄉,5970
46.8341,4153,108,新竹縣竹北市,194516
125.5193,224,108,新竹縣關西鎮,28055
72.1911,454,108,新竹縣新埔鎮,32798
53.5133,1815,108,新竹縣竹東鎮,97127
58.4303,1333,108,新竹縣湖口鄉,77908
66.3502,193,108,新竹縣橫山鄉,12789
46.3496,1236,108,新竹縣新豐鄉,57292
40.7858,489,108,新竹縣芎林鄉,19934
64.7871,226,108,新竹縣寶山鄉,14626
50.6676,181,108,新竹縣北埔鄉,9178
46.801,117,108,新竹縣峨眉鄉,5479
527.5795,18,108,新竹縣尖石鄉,9638
227.728,20,108,新竹縣五峰鄉,4593
37.8878,2322,108,苗栗縣苗栗市,87976
53.3205,1945,108,苗栗縣頭份市,103701
68.2473,657,108,苗栗縣苑裡鎮,44848
107.8486,310,108,苗栗縣通霄鎮,33471
37.5592,2305,108,苗栗縣竹南鎮,86565
75.8079,471,108,苗栗縣後龍鎮,35675
76.3153,216,108,苗栗縣卓蘭鎮,16448
90.8396,156,108,苗栗縣大湖鄉,14194
71.4523,458,108,苗栗縣公館鄉,32754
78.3805,224,108,苗栗縣銅鑼鄉,17588
165.4938,59,108,苗栗縣南庄鄉,9813
52.5046,199,108,苗栗縣頭屋鄉,10455
69.3424,230,108,苗栗縣三義鄉,15970
41.0758,167,108,苗栗縣西湖鄉,6877
47.9978,260,108,苗栗縣造橋鄉,12473
52.2964,125,108,苗栗縣三灣鄉,6532
79.4324,53,108,苗栗縣獅潭鄉,4231
614.5127,10,108,苗栗縣泰安鄉,5888
65.6947,3535,108,彰化縣彰化市,232259
40.038,3122,108,彰化縣員林市,125008
39.4625,2203,108,彰化縣鹿港鎮,86931
39.9345,2267,108,彰化縣和美鎮,90530
19.2547,1732,108,彰化縣北斗鎮,33348
32.0592,1721,108,彰化縣溪湖鎮,55185
34.6056,1192,108,彰化縣田中鎮,41244
92.8478,539,108,彰化縣二林鎮,50075
18.0856,925,108,彰化縣線西鄉,16733
22.3268,1677,108,彰化縣伸港鄉,37449
49.8934,937,108,彰化縣福興鄉,46748
29.3447,1331,108,彰化縣秀水鄉,39068
36.3469,1254,108,彰化縣花壇鄉,45566
38.0204,615,108,彰化縣芬園鄉,23383
30.7837,1206,108,彰化縣大村鄉,37124
38.6081,834,108,彰化縣埔鹽鄉,32183
20.9526,1658,108,彰化縣埔心鄉,34734
20.6382,1776,108,彰化縣永靖鄉,36651
36.1449,1178,108,彰化縣社頭鄉,42573
29.4449,504,108,彰化縣二水鄉,14843
24.0375,1123,108,彰化縣田尾鄉,26993
42.7508,711,108,彰化縣埤頭鄉,30394
91.3827,362,108,彰化縣芳苑鄉,33084
63.7406,257,108,彰化縣大城鄉,16359
42.1662,354,108,彰化縣竹塘鄉,14926
75.831,388,108,彰化縣溪州鄉,29411
71.6021,1385,108,南投縣南投市,99199
162.2227,492,108,南投縣埔里鎮,79789
104.0327,938,108,南投縣草屯鎮,97608
247.3339,218,108,南投縣竹山鎮,53932
49.7268,213,108,南投縣集集鎮,10615
83.0955,457,108,南投縣名間鄉,37951
141.8981,123,108,南投縣鹿谷鄉,17509
146.6541,99,108,南投縣中寮鄉,14495
121.3735,129,108,南投縣魚池鄉,15611
175.7042,104,108,南投縣國姓鄉,18245
106.8424,161,108,南投縣水里鄉,17247
1422.4188,11,108,南投縣信義鄉,16006
1273.5312,12,108,南投縣仁愛鄉,15905
93.7151,1159,108,雲林縣斗六市,108606
48.1505,920,108,雲林縣斗南鎮,44296
68.742,1033,108,雲林縣虎尾鎮,70994
49.7985,918,108,雲林縣西螺鎮,45723
49.0212,582,108,雲林縣土庫鎮,28544
41.4999,949,108,雲林縣北港鎮,39397
166.6059,187,108,雲林縣古坑鄉,31202
44.9973,418,108,雲林縣大埤鄉,18801
50.8502,561,108,雲林縣莿桐鄉,28524
37.6035,473,108,雲林縣林內鄉,17776
59.5625,443,108,雲林縣二崙鄉,26371
58.484,411,108,雲林縣崙背鄉,24025
80.1668,589,108,雲林縣麥寮鄉,47196
48.3562,298,108,雲林縣東勢鄉,14416
37.0552,342,108,雲林縣褒忠鄉,12682
54.0983,431,108,雲林縣臺西鄉,23312
71.5872,351,108,雲林縣元長鄉,25118
77.1189,295,108,雲林縣四湖鄉,22749
80.4612,333,108,雲林縣口湖鄉,26830
72.9582,339,108,雲林縣水林鄉,24744
66.8964,573,108,嘉義縣太保市,38301
49.5737,844,108,嘉義縣朴子市,41855
61.7307,427,108,嘉義縣布袋鎮,26381
64.1663,478,108,嘉義縣大林鎮,30684
85.4969,835,108,嘉義縣民雄鄉,71362
33.0463,432,108,嘉義縣溪口鄉,14283
66.0495,476,108,嘉義縣新港鄉,31420
62.2619,362,108,嘉義縣六腳鄉,22540
81.5821,297,108,嘉義縣東石鄉,24194
79.2925,226,108,嘉義縣義竹鄉,17883
54.3151,278,108,嘉義縣鹿草鄉,15118
69.1198,712,108,嘉義縣水上鄉,49195
129.5016,342,108,嘉義縣中埔鄉,44325
162.2256,217,108,嘉義縣竹崎鄉,35207
119.7571,158,108,嘉義縣梅山鄉,18963
117.5269,96,108,嘉義縣番路鄉,11262
173.2472,27,108,嘉義縣大埔鄉,4596
427.8471,13,108,嘉義縣阿里山鄉,5544
65.067,3058,108,屏東縣屏東市,198990
42.4331,1269,108,屏東縣潮州鎮,53831
29.4635,1601,108,屏東縣東港鎮,47161
136.763,224,108,屏東縣恆春鎮,30662
57.4679,877,108,屏東縣萬丹鄉,50427
39.8861,741,108,屏東縣長治鄉,29536
16.26,671,108,屏東縣麟洛鄉,10906
42.0187,523,108,屏東縣九如鄉,21989
68.9208,375,108,屏東縣里港鄉,25853
64.3493,394,108,屏東縣鹽埔鄉,25332
90.1522,266,108,屏東縣高樹鄉,24006
60.7315,337,108,屏東縣萬巒鄉,20473
81.8554,655,108,屏東縣內埔鄉,53583
29.0732,580,108,屏東縣竹田鄉,16863
59.0102,165,108,屏東縣新埤鄉,9737
57.7347,416,108,屏東縣枋寮鄉,24023
38.3109,900,108,屏東縣新園鄉,34468
31.2659,493,108,屏東縣崁頂鄉,15419
15.6233,1125,108,屏東縣林邊鄉,17583
18.97,554,108,屏東縣南州鄉,10513
30.9842,608,108,屏東縣佳冬鄉,18846
6.8018,1798,108,屏東縣琉球鄉,12232
49.8517,169,108,屏東縣車城鄉,8403
142.2013,54,108,屏東縣滿州鄉,7686
17.2697,310,108,屏東縣枋山鄉,5349
196.3965,39,108,屏東縣三地門鄉,7673
278.796,12,108,屏東縣霧臺鄉,3295
78.7008,86,108,屏東縣瑪家鄉,6787
118.6266,46,108,屏東縣泰武鄉,5408
167.7756,44,108,屏東縣來義鄉,7427
160.001,31,108,屏東縣春日鄉,4944
301.0018,16,108,屏東縣獅子鄉,4912
181.8366,27,108,屏東縣牡丹鄉,4867
109.7691,958,108,臺東縣臺東市,105202
143.9939,95,108,臺東縣成功鎮,13748
58.7351,146,108,臺東縣關山鎮,8575
412.6871,42,108,臺東縣卑南鄉,17132
69.1454,85,108,臺東縣大武鄉,5851
96.6523,114,108,臺東縣太麻里鄉,10984
210.1908,40,108,臺東縣東河鄉,8349
155.1868,45,108,臺東縣長濱鄉,7021
89.698,86,108,臺東縣鹿野鄉,7744
82.6854,98,108,臺東縣池上鄉,8141
15.0919,268,108,臺東縣綠島鄉,4045
455.8805,8,108,臺東縣延平鄉,3540
880.0382,5,108,臺東縣海端鄉,4120
306.4454,11,108,臺東縣達仁鄉,3499
380.6635,10,108,臺東縣金峰鄉,3703
48.3892,106,108,臺東縣蘭嶼鄉,5127
29.4095,3516,108,花蓮縣花蓮市,103404
120.5181,90,108,花蓮縣鳳林鎮,10802
252.3719,94,108,花蓮縣玉里鎮,23648
29.4095,683,108,花蓮縣新城鄉,20083
65.2582,1281,108,花蓮縣吉安鄉,83583
218.4448,82,108,花蓮縣壽豐鄉,17820
157.11,80,108,花蓮縣光復鄉,12536
162.4332,28,108,花蓮縣豐濱鄉,4476
135.5862,84,108,花蓮縣瑞穗鄉,11433
176.3705,58,108,花蓮縣富里鄉,10161
1641.8555,10,108,花蓮縣秀林鄉,15953
618.491,10,108,花蓮縣萬榮鄉,6313
1021.313,6,108,花蓮縣卓溪鄉,6035
33.9918,1853,108,澎湖縣馬公市,62999
33.3008,450,108,澎湖縣湖西鄉,14997
20.0875,490,108,澎湖縣白沙鄉,9833
18.7148,444,108,澎湖縣西嶼鄉,8306
13.7824,383,108,澎湖縣望安鄉,5273
6.9868,544,108,澎湖縣七美鄉,3799
10.2118,5042,108,基隆市中正區,51483
56.2659,955,108,基隆市七堵區,53732
22.8283,1688,108,基隆市暖暖區,38535
4.2335,10205,108,基隆市仁愛區,43201
10.5238,4456,108,基隆市中山區,46897
18.025,4564,108,基隆市安樂區,82267
10.6706,4946,108,基隆市信義區,52778
33.5768,6488,108,新竹市東區,217841
15.7267,9687,108,新竹市北區,152351
54.8491,1433,108,新竹市香山區,78611
30.1556,4007,108,嘉義市東區,120825
29.87,4917,108,嘉義市西區,146865
21.713,1992,108,金門縣金城鎮,43253
41.696,724,108,金門縣金湖鎮,30171
41.19,505,108,金門縣金沙鎮,20802
29.854,1090,108,金門縣金寧鄉,32531
16.003,797,108,金門縣烈嶼鄉,12749
1.2,566,108,金門縣烏坵鄉,679
10.4,731,108,連江縣南竿鄉,7599
9.9,262,108,連江縣北竿鄉,2595
4.7,328,108,連江縣莒光鄉,1543
3.8,356,108,連江縣東引鄉,1352
23.1373,24079,109,新北市板橋區,557114
16.317,23615,109,新北市三重區,385328
20.144,20414,109,新北市中和區,411214
5.7138,38392,109,新北市永和區,219364
19.7383,21413,109,新北市新莊區,422653
120.2255,2525,109,新北市新店區,303532
33.1288,5538,109,新北市樹林區,183470
21.1248,4150,109,新北市鶯歌區,87674
191.4508,611,109,新北市三峽區,116917
70.6565,2594,109,新北市淡水區,183278
71.2354,2890,109,新北市汐止區,205847
70.7336,552,109,新北市瑞芳區,39077
29.5578,8061,109,新北市土城區,238277
7.4351,27230,109,新北市蘆洲區,202456
34.8632,2566,109,新北市五股區,89470
19.1603,4092,109,新北市泰山區,78412
54.1519,2238,109,新北市林口區,121192
20.5787,1153,109,新北市深坑區,23723
144.3498,52,109,新北市石碇區,7565
170.835,39,109,新北市坪林區,6703
65.9909,342,109,新北市三芝區,22540
51.2645,224,109,新北市石門區,11480
39.4933,1006,109,新北市八里區,39741
71.3382,62,109,新北市平溪區,4424
146.2484,58,109,新北市雙溪區,8468
99.9734,118,109,新北市貢寮區,11782
49.2132,429,109,新北市金山區,21127
63.3766,343,109,新北市萬里區,21710
321.1306,20,109,新北市烏來區,6416
9.2878,21568,109,臺北市松山區,200316
11.2077,19205,109,臺北市信義區,215240
11.3614,26638,109,臺北市大安區,302644
13.6821,16363,109,臺北市中山區,223876
7.6071,20428,109,臺北市中正區,155397
5.6815,21799,109,臺北市大同區,123849
8.8522,20683,109,臺北市萬華區,183088
31.509,8510,109,臺北市文山區,268130
21.8424,5437,109,臺北市南港區,118758
31.5787,8947,109,臺北市內湖區,282525
62.3682,4465,109,臺北市士林區,278451
56.8216,4402,109,臺北市北投區,250144
34.8046,13137,109,桃園市桃園區,457245
76.52,5521,109,桃園市中壢區,422471
105.1206,910,109,桃園市大溪區,95664
89.1229,1965,109,桃園市楊梅區,175142
75.5025,2213,109,桃園市蘆竹區,167060
87.3925,1074,109,桃園市大園區,93887
72.0177,2283,109,桃園市龜山區,164398
33.7111,6206,109,桃園市八德區,209202
75.2341,1654,109,桃園市龍潭區,124408
47.7532,4787,109,桃園市平鎮區,228611
85.0166,580,109,桃園市新屋區,49333
87.9807,785,109,桃園市觀音區,69032
350.7775,35,109,桃園市復興區,12354
0.8803,20638,109,臺中市中區,18168
9.2855,8175,109,臺中市東區,75913
6.8101,18615,109,臺中市南區,126769
5.7042,20087,109,臺中市西區,114583
6.9376,21130,109,臺中市北區,146590
39.8467,5816,109,臺中市西屯區,231730
31.2578,5633,109,臺中市南屯區,176062
62.7034,4583,109,臺中市北屯區,287344
41.1845,4032,109,臺中市豐原區,166053
117.4065,419,109,臺中市東勢區,49169
58.5192,1301,109,臺中市大甲區,76130
64.1709,1371,109,臺中市清水區,88009
40.4604,2354,109,臺中市沙鹿區,95226
16.6049,3570,109,臺中市梧棲區,59273
58.9439,922,109,臺中市后里區,54343
35.0445,1870,109,臺中市神岡區,65529
25.8497,4229,109,臺中市潭子區,109309
32.4109,2952,109,臺中市大雅區,95693
68.8874,349,109,臺中市新社區,24064
18.2105,806,109,臺中市石岡區,14670
42.4099,753,109,臺中市外埔區,31940
27.4045,688,109,臺中市大安區,18864
43.4032,1762,109,臺中市烏日區,76494
37.0024,1534,109,臺中市大肚區,56777
38.0377,2053,109,臺中市龍井區,78095
98.0779,664,109,臺中市霧峰區,65094
120.7473,1615,109,臺中市太平區,194970
28.8758,7380,109,臺中市大里區,213117
1037.8192,10,109,臺中市和平區,10809
38.5386,1981,109,臺南市新營區,76331
52.2455,479,109,臺南市鹽水區,25001
126.4046,216,109,臺南市白河區,27245
61.2929,340,109,臺南市柳營區,20826
72.2189,315,109,臺南市後壁區,22755
124.9178,161,109,臺南市東山區,20152
53.9744,810,109,臺南市麻豆區,43713
33.5291,699,109,臺南市下營區,23452
67.5471,321,109,臺南市六甲區,21668
70.7953,300,109,臺南市官田區,21212
70.3125,131,109,臺南市大內區,9200
38.9422,1510,109,臺南市佳里區,58785
53.9919,468,109,臺南市學甲區,25293
33.7666,726,109,臺南市西港區,24522
110.1492,201,109,臺南市七股區,22142
41.9796,454,109,臺南市將軍區,19073
44.1003,240,109,臺南市北門區,10601
62.0579,698,109,臺南市新化區,43317
55.3097,919,109,臺南市善化區,50814
47.8096,788,109,臺南市新市區,37660
31.27,971,109,臺南市安定區,30374
27.878,256,109,臺南市山上區,7128
76.3662,178,109,臺南市玉井區,13602
109.6316,84,109,臺南市楠西區,9178
171.5198,49,109,臺南市南化區,8398
74.9025,61,109,臺南市左鎮區,4569
50.7664,1505,109,臺南市仁德區,76385
55.7913,1222,109,臺南市歸仁區,68164
53.6413,633,109,臺南市關廟區,33941
64.0814,59,109,臺南市龍崎區,3768
40.2753,5845,109,臺南市永康區,235415
13.4156,13787,109,臺南市東區,184958
27.2681,4540,109,臺南市南區,123789
10.434,12468,109,臺南市北區,130094
107.2016,1825,109,臺南市安南區,195623
11.0663,6074,109,臺南市安平區,67213
6.26,12549,109,臺南市中西區,78556
1.4161,16632,109,高雄市鹽埕區,23553
14.7523,9591,109,高雄市鼓山區,141488
19.3823,10180,109,高雄市左營區,197306
25.8276,7334,109,高雄市楠梓區,189426
19.7866,17025,109,高雄市三民區,336868
1.9764,25546,109,高雄市新興區,50490
1.8573,14358,109,高雄市前金區,26668
8.1522,20520,109,高雄市苓雅區,167280
19.1207,9719,109,高雄市前鎮區,185828
1.4639,18980,109,高雄市旗津區,27785
45.4426,3463,109,高雄市小港區,157356
26.759,13438,109,高雄市鳳山區,359576
32.286,2152,109,高雄市林園區,69478
71.04,1580,109,高雄市大寮區,112265
66.9811,624,109,高雄市大樹區,41764
26.5848,1291,109,高雄市大社區,34324
36.0808,2547,109,高雄市仁武區,91893
24.5927,1827,109,高雄市鳥松區,44938
47.9421,2020,109,高雄市岡山區,96841
25.9379,1502,109,高雄市橋頭區,38955
65.395,451,109,高雄市燕巢區,29493
92.6802,75,109,高雄市田寮區,6919
34.6164,818,109,高雄市阿蓮區,28331
48.4348,1068,109,高雄市路竹區,51726
20.1615,1482,109,高雄市湖內區,29882
15.7624,1901,109,高雄市茄萣區,29960
22.6141,606,109,高雄市永安區,13705
14.7772,1277,109,高雄市彌陀區,18872
11.5967,3063,109,高雄市梓官區,35517
94.6122,378,109,高雄市旗山區,35764
120.0316,322,109,高雄市美濃區,38611
194.1584,64,109,高雄市六龜區,12391
124.034,47,109,高雄市甲仙區,5877
104.0036,111,109,高雄市杉林區,11541
95.6224,146,109,高雄市內門區,13976
194,10,109,高雄市茂林區,1915
928.98,5,109,高雄市桃源區,4223
252.9895,12,109,高雄市那瑪夏區,3147
29.408,3244,109,宜蘭縣宜蘭市,95395
11.3448,6301,109,宜蘭縣羅東鎮,71484
89.0196,437,109,宜蘭縣蘇澳鎮,38864
100.893,286,109,宜蘭縣頭城鎮,28819
101.4278,348,109,宜蘭縣礁溪鄉,35274
38.4769,633,109,宜蘭縣壯圍鄉,24366
111.9106,288,109,宜蘭縣員山鄉,32258
79.8573,664,109,宜蘭縣冬山鄉,53024
38.8671,1037,109,宜蘭縣五結鄉,40297
144.2238,147,109,宜蘭縣三星鄉,21215
657.5442,9,109,宜蘭縣大同鄉,6137
740.652,8,109,宜蘭縣南澳鄉,5954
46.8341,4287,109,新竹縣竹北市,200782
125.5193,221,109,新竹縣關西鎮,27775
72.1911,457,109,新竹縣新埔鎮,33027
53.5133,1815,109,新竹縣竹東鎮,97100
58.4303,1352,109,新竹縣湖口鄉,78971
66.3502,189,109,新竹縣橫山鄉,12547
46.3496,1241,109,新竹縣新豐鄉,57511
40.7858,487,109,新竹縣芎林鄉,19872
64.7871,226,109,新竹縣寶山鄉,14619
50.6676,178,109,新竹縣北埔鄉,9035
46.801,115,109,新竹縣峨眉鄉,5403
527.5795,18,109,新竹縣尖石鄉,9646
227.728,20,109,新竹縣五峰鄉,4487
37.8878,2314,109,苗栗縣苗栗市,87671
53.3205,1959,109,苗栗縣頭份市,104441
68.2473,653,109,苗栗縣苑裡鎮,44562
107.8486,307,109,苗栗縣通霄鎮,33061
37.5592,2321,109,苗栗縣竹南鎮,87190
75.8079,465,109,苗栗縣後龍鎮,35221
76.3153,212,109,苗栗縣卓蘭鎮,16196
90.8396,153,109,苗栗縣大湖鄉,13884
71.4523,453,109,苗栗縣公館鄉,32397
78.3805,220,109,苗栗縣銅鑼鄉,17279
165.4938,58,109,苗栗縣南庄鄉,9573
52.5046,195,109,苗栗縣頭屋鄉,10240
69.3424,226,109,苗栗縣三義鄉,15665
41.0758,164,109,苗栗縣西湖鄉,6729
47.9978,254,109,苗栗縣造橋鄉,12177
52.2964,122,109,苗栗縣三灣鄉,6364
79.4324,52,109,苗栗縣獅潭鄉,4158
614.5127,9,109,苗栗縣泰安鄉,5782
65.6947,3521,109,彰化縣彰化市,231317
40.038,3104,109,彰化縣員林市,124263
39.4625,2193,109,彰化縣鹿港鎮,86550
39.9345,2256,109,彰化縣和美鎮,90095
19.2547,1732,109,彰化縣北斗鎮,33358
32.0592,1710,109,彰化縣溪湖鎮,54814
34.6056,1177,109,彰化縣田中鎮,40717
92.8478,535,109,彰化縣二林鎮,49687
18.0856,921,109,彰化縣線西鄉,16665
22.3268,1690,109,彰化縣伸港鄉,37740
49.8934,930,109,彰化縣福興鄉,46399
29.3447,1325,109,彰化縣秀水鄉,38872
36.3469,1244,109,彰化縣花壇鄉,45232
38.0204,610,109,彰化縣芬園鄉,23188
30.7837,1249,109,彰化縣大村鄉,38457
38.6081,827,109,彰化縣埔鹽鄉,31919
20.9526,1644,109,彰化縣埔心鄉,34451
20.6382,1759,109,彰化縣永靖鄉,36300
36.1449,1174,109,彰化縣社頭鄉,42436
29.4449,497,109,彰化縣二水鄉,14642
24.0375,1110,109,彰化縣田尾鄉,26691
42.7508,703,109,彰化縣埤頭鄉,30072
91.3827,358,109,彰化縣芳苑鄉,32720
63.7406,253,109,彰化縣大城鄉,16119
42.1662,351,109,彰化縣竹塘鄉,14808
75.831,385,109,彰化縣溪州鄉,29158
71.6021,1384,109,南投縣南投市,99081
162.2227,488,109,南投縣埔里鎮,79191
104.0327,937,109,南投縣草屯鎮,97489
247.3339,216,109,南投縣竹山鎮,53464
49.7268,210,109,南投縣集集鎮,10461
83.0955,451,109,南投縣名間鄉,37507
141.8981,121,109,南投縣鹿谷鄉,17231
146.6541,98,109,南投縣中寮鄉,14301
121.3735,127,109,南投縣魚池鄉,15466
175.7042,102,109,南投縣國姓鄉,17965
106.8424,159,109,南投縣水里鄉,16980
1422.4188,11,109,南投縣信義鄉,15878
1273.5312,12,109,南投縣仁愛鄉,15818
93.7151,1160,109,雲林縣斗六市,108677
48.1505,917,109,雲林縣斗南鎮,44154
68.742,1031,109,雲林縣虎尾鎮,70899
49.7985,913,109,雲林縣西螺鎮,45463
49.0212,577,109,雲林縣土庫鎮,28305
41.4999,942,109,雲林縣北港鎮,39089
166.6059,185,109,雲林縣古坑鄉,30868
44.9973,413,109,雲林縣大埤鄉,18604
50.8502,557,109,雲林縣莿桐鄉,28311
37.6035,464,109,雲林縣林內鄉,17434
59.5625,437,109,雲林縣二崙鄉,26029
58.484,407,109,雲林縣崙背鄉,23784
80.1668,598,109,雲林縣麥寮鄉,47951
48.3562,293,109,雲林縣東勢鄉,14155
37.0552,337,109,雲林縣褒忠鄉,12477
54.0983,425,109,雲林縣臺西鄉,23012
71.5872,345,109,雲林縣元長鄉,24694
77.1189,290,109,雲林縣四湖鄉,22387
80.4612,328,109,雲林縣口湖鄉,26403
72.9582,331,109,雲林縣水林鄉,24177
66.8964,576,109,嘉義縣太保市,38536
49.5737,841,109,嘉義縣朴子市,41669
61.7307,421,109,嘉義縣布袋鎮,25990
64.1663,473,109,嘉義縣大林鎮,30381
85.4969,834,109,嘉義縣民雄鄉,71317
33.0463,425,109,嘉義縣溪口鄉,14055
66.0495,472,109,嘉義縣新港鄉,31162
62.2619,356,109,嘉義縣六腳鄉,22196
81.5821,291,109,嘉義縣東石鄉,23766
79.2925,222,109,嘉義縣義竹鄉,17602
54.3151,275,109,嘉義縣鹿草鄉,14913
69.1198,709,109,嘉義縣水上鄉,49012
129.5016,341,109,嘉義縣中埔鄉,44131
162.2256,214,109,嘉義縣竹崎鄉,34797
119.7571,156,109,嘉義縣梅山鄉,18687
117.5269,95,109,嘉義縣番路鄉,11180
173.2472,26,109,嘉義縣大埔鄉,4560
427.8471,13,109,嘉義縣阿里山鄉,5527
65.067,3038,109,屏東縣屏東市,197647
42.4331,1269,109,屏東縣潮州鎮,53842
29.4635,1586,109,屏東縣東港鎮,46731
136.763,222,109,屏東縣恆春鎮,30414
57.4679,872,109,屏東縣萬丹鄉,50126
39.8861,739,109,屏東縣長治鄉,29470
16.26,662,109,屏東縣麟洛鄉,10770
42.0187,523,109,屏東縣九如鄉,21962
68.9208,373,109,屏東縣里港鄉,25707
64.3493,388,109,屏東縣鹽埔鄉,24999
90.1522,264,109,屏東縣高樹鄉,23775
60.7315,332,109,屏東縣萬巒鄉,20189
81.8554,652,109,屏東縣內埔鄉,53330
29.0732,571,109,屏東縣竹田鄉,16615
59.0102,162,109,屏東縣新埤鄉,9561
57.7347,410,109,屏東縣枋寮鄉,23680
38.3109,886,109,屏東縣新園鄉,33939
31.2659,492,109,屏東縣崁頂鄉,15378
15.6233,1106,109,屏東縣林邊鄉,17275
18.97,546,109,屏東縣南州鄉,10364
30.9842,601,109,屏東縣佳冬鄉,18620
6.8018,1782,109,屏東縣琉球鄉,12121
49.8517,166,109,屏東縣車城鄉,8278
142.2013,53,109,屏東縣滿州鄉,7471
17.2697,303,109,屏東縣枋山鄉,5240
196.3965,39,109,屏東縣三地門鄉,7689
278.796,12,109,屏東縣霧臺鄉,3247
78.7008,86,109,屏東縣瑪家鄉,6768
118.6266,45,109,屏東縣泰武鄉,5351
167.7756,44,109,屏東縣來義鄉,7448
160.001,31,109,屏東縣春日鄉,4947
301.0018,16,109,屏東縣獅子鄉,4839
181.8366,27,109,屏東縣牡丹鄉,4865
109.7691,955,109,臺東縣臺東市,104803
143.9939,94,109,臺東縣成功鎮,13505
58.7351,143,109,臺東縣關山鎮,8420
412.6871,41,109,臺東縣卑南鄉,16961
69.1454,83,109,臺東縣大武鄉,5727
96.6523,113,109,臺東縣太麻里鄉,10925
210.1908,39,109,臺東縣東河鄉,8203
155.1868,45,109,臺東縣長濱鄉,6926
89.698,85,109,臺東縣鹿野鄉,7601
82.6854,98,109,臺東縣池上鄉,8073
15.0919,267,109,臺東縣綠島鄉,4026
455.8805,8,109,臺東縣延平鄉,3549
880.0382,5,109,臺東縣海端鄉,4105
306.4454,11,109,臺東縣達仁鄉,3489
380.6635,10,109,臺東縣金峰鄉,3699
48.3892,108,109,臺東縣蘭嶼鄉,5249
29.4095,3487,109,花蓮縣花蓮市,102539
120.5181,90,109,花蓮縣鳳林鎮,10821
252.3719,93,109,花蓮縣玉里鎮,23381
29.4095,682,109,花蓮縣新城鄉,20058
65.2582,1280,109,花蓮縣吉安鄉,83507
218.4448,81,109,花蓮縣壽豐鄉,17589
157.11,79,109,花蓮縣光復鄉,12369
162.4332,27,109,花蓮縣豐濱鄉,4376
135.5862,83,109,花蓮縣瑞穗鄉,11312
176.3705,57,109,花蓮縣富里鄉,10004
1641.8555,10,109,花蓮縣秀林鄉,16143
618.491,10,109,花蓮縣萬榮鄉,6237
1021.313,6,109,花蓮縣卓溪鄉,6036
33.9918,1859,109,澎湖縣馬公市,63206
33.3008,457,109,澎湖縣湖西鄉,15230
20.0875,493,109,澎湖縣白沙鄉,9907
18.7148,446,109,澎湖縣西嶼鄉,8353
13.7824,390,109,澎湖縣望安鄉,5371
6.9868,556,109,澎湖縣七美鄉,3885
10.2118,5016,109,基隆市中正區,51224
56.2659,953,109,基隆市七堵區,53615
22.8283,1689,109,基隆市暖暖區,38548
4.2335,10107,109,基隆市仁愛區,42787
10.5238,4415,109,基隆市中山區,46459
18.025,4537,109,基隆市安樂區,81776
10.6706,4983,109,基隆市信義區,53168
33.5768,6554,109,新竹市東區,220056
15.7267,9704,109,新竹市北區,152612
54.8491,1436,109,新竹市香山區,78744
30.1556,3970,109,嘉義市東區,119715
29.87,4898,109,嘉義市西區,146290
21.713,1980,109,金門縣金城鎮,43000
41.696,729,109,金門縣金湖鎮,30400
41.19,503,109,金門縣金沙鎮,20732
29.854,1108,109,金門縣金寧鄉,33070
16.003,796,109,金門縣烈嶼鄉,12733
1.2,552,109,金門縣烏坵鄉,662
10.4,734,109,連江縣南竿鄉,7638
9.9,274,109,連江縣北竿鄉,2717
4.7,317,109,連江縣莒光鄉,1489
3.8,378,109,連江縣東引鄉,1435
23.1373,23888,110,新北市板橋區,552713
16.317,23395,110,新北市三重區,381731
20.144,20162,110,新北市中和區,406140
5.7138,37622,110,新北市永和區,214967
19.7383,21348,110,新北市新莊區,421381
120.2255,2493,110,新北市新店區,299696
33.1288,5491,110,新北市樹林區,181903
21.1248,4172,110,新北市鶯歌區,88131
191.4508,606,110,新北市三峽區,116019
70.6565,2621,110,新北市淡水區,185197
71.2354,2892,110,新北市汐止區,205990
70.7336,544,110,新北市瑞芳區,38449
29.5578,8035,110,新北市土城區,237484
7.4351,27100,110,新北市蘆洲區,201489
34.8632,2595,110,新北市五股區,90465
19.1603,4042,110,新北市泰山區,77451
54.1519,2301,110,新北市林口區,124628
20.5787,1149,110,新北市深坑區,23646
144.3498,52,110,新北市石碇區,7487
170.835,39,110,新北市坪林區,6619
65.9909,339,110,新北市三芝區,22357
51.2645,218,110,新北市石門區,11193
39.4933,1017,110,新北市八里區,40178
71.3382,61,110,新北市平溪區,4333
146.2484,56,110,新北市雙溪區,8235
99.9734,115,110,新北市貢寮區,11534
49.2132,424,110,新北市金山區,20844
63.3766,339,110,新北市萬里區,21462
321.1306,20,110,新北市烏來區,6391
9.2878,20822,110,臺北市松山區,193388
11.2077,18514,110,臺北市信義區,207500
11.3614,25649,110,臺北市大安區,291410
13.6821,15755,110,臺北市中山區,215567
7.6071,19803,110,臺北市中正區,150644
5.6815,21257,110,臺北市大同區,120772
8.8522,19952,110,臺北市萬華區,176617
31.509,8302,110,臺北市文山區,261576
21.8424,5301,110,臺北市南港區,115780
31.5787,8762,110,臺北市內湖區,276707
62.3682,4324,110,臺北市士林區,269682
56.8216,4307,110,臺北市北投區,244750
34.8046,13184,110,桃園市桃園區,458847
76.52,5522,110,桃園市中壢區,422529
105.1206,902,110,桃園市大溪區,94870
89.1229,1983,110,桃園市楊梅區,176757
75.5025,2204,110,桃園市蘆竹區,166394
87.3925,1055,110,桃園市大園區,92172
72.0177,2316,110,桃園市龜山區,166767
33.7111,6219,110,桃園市八德區,209665
75.2341,1654,110,桃園市龍潭區,124442
47.7532,4779,110,桃園市平鎮區,228203
85.0166,577,110,桃園市新屋區,49094
87.9807,796,110,桃園市觀音區,69995
350.7775,36,110,桃園市復興區,12656
0.8803,20094,110,臺中市中區,17689
9.2855,8140,110,臺中市東區,75588
6.8101,18503,110,臺中市南區,126008
5.7042,19764,110,臺中市西區,112740
6.9376,20744,110,臺中市北區,143917
39.8467,5794,110,臺中市西屯區,230888
31.2578,5656,110,臺中市南屯區,176782
62.7034,4635,110,臺中市北屯區,290653
41.1845,4000,110,臺中市豐原區,164726
117.4065,412,110,臺中市東勢區,48333
58.5192,1290,110,臺中市大甲區,75516
64.1709,1377,110,臺中市清水區,88366
40.4604,2374,110,臺中市沙鹿區,96039
16.6049,3584,110,臺中市梧棲區,59517
58.9439,915,110,臺中市后里區,53961
35.0445,1850,110,臺中市神岡區,64841
25.8497,4227,110,臺中市潭子區,109270
32.4109,2947,110,臺中市大雅區,95521
68.8874,343,110,臺中市新社區,23650
18.2105,792,110,臺中市石岡區,14419
42.4099,744,110,臺中市外埔區,31564
27.4045,675,110,臺中市大安區,18485
43.4032,1780,110,臺中市烏日區,77245
37.0024,1526,110,臺中市大肚區,56458
38.0377,2050,110,臺中市龍井區,77976
98.0779,659,110,臺中市霧峰區,64602
120.7473,1620,110,臺中市太平區,195613
28.8758,7351,110,臺中市大里區,212253
1037.8192,10,110,臺中市和平區,10870
38.5386,1959,110,臺南市新營區,75506
52.2455,474,110,臺南市鹽水區,24777
126.4046,211,110,臺南市白河區,26693
61.2929,336,110,臺南市柳營區,20618
72.2189,309,110,臺南市後壁區,22322
124.9178,158,110,臺南市東山區,19788
53.9744,804,110,臺南市麻豆區,43373
33.5291,688,110,臺南市下營區,23062
67.5471,318,110,臺南市六甲區,21488
70.7953,297,110,臺南市官田區,21035
70.3125,129,110,臺南市大內區,9048
38.9422,1502,110,臺南市佳里區,58482
53.9919,463,110,臺南市學甲區,24981
33.7666,725,110,臺南市西港區,24495
110.1492,198,110,臺南市七股區,21757
41.9796,449,110,臺南市將軍區,18843
44.1003,236,110,臺南市北門區,10397
62.0579,690,110,臺南市新化區,42809
55.3097,927,110,臺南市善化區,51265
47.8096,785,110,臺南市新市區,37546
31.27,963,110,臺南市安定區,30105
27.878,251,110,臺南市山上區,6996
76.3662,175,110,臺南市玉井區,13342
109.6316,82,110,臺南市楠西區,9031
171.5198,48,110,臺南市南化區,8264
74.9025,59,110,臺南市左鎮區,4428
50.7664,1507,110,臺南市仁德區,76497
55.7913,1219,110,臺南市歸仁區,68001
53.6413,631,110,臺南市關廟區,33860
64.0814,57,110,臺南市龍崎區,3668
40.2753,5826,110,臺南市永康區,234624
13.4156,13603,110,臺南市東區,182489
27.2681,4487,110,臺南市南區,122345
10.434,12259,110,臺南市北區,127913
107.2016,1838,110,臺南市安南區,197061
11.0663,6095,110,臺南市安平區,67446
6.26,12413,110,臺南市中西區,77704
1.4161,16180,110,高雄市鹽埕區,22912
14.7523,9518,110,高雄市鼓山區,140410
19.3823,10129,110,高雄市左營區,196314
25.8276,7362,110,高雄市楠梓區,190149
19.7866,16831,110,高雄市三民區,333038
1.9764,24986,110,高雄市新興區,49383
1.8573,14223,110,高雄市前金區,26416
8.1522,20187,110,高雄市苓雅區,164572
19.1207,9561,110,高雄市前鎮區,182805
1.4639,18583,110,高雄市旗津區,27204
45.4426,3434,110,高雄市小港區,156035
26.759,13377,110,高雄市鳳山區,357946
32.286,2134,110,高雄市林園區,68893
71.04,1576,110,高雄市大寮區,111933
66.9811,616,110,高雄市大樹區,41257
26.5848,1281,110,高雄市大社區,34050
36.0808,2594,110,高雄市仁武區,93581
24.5927,1805,110,高雄市鳥松區,44393
47.9421,2001,110,高雄市岡山區,95922
25.9379,1546,110,高雄市橋頭區,40094
65.395,447,110,高雄市燕巢區,29244
92.6802,73,110,高雄市田寮區,6788
34.6164,809,110,高雄市阿蓮區,28011
48.4348,1057,110,高雄市路竹區,51217
20.1615,1471,110,高雄市湖內區,29648
15.7624,1891,110,高雄市茄萣區,29812
22.6141,602,110,高雄市永安區,13618
14.7772,1261,110,高雄市彌陀區,18627
11.5967,3028,110,高雄市梓官區,35117
94.6122,372,110,高雄市旗山區,35162
120.0316,316,110,高雄市美濃區,37949
194.1584,63,110,高雄市六龜區,12135
124.034,47,110,高雄市甲仙區,5788
104.0036,109,110,高雄市杉林區,11288
95.6224,144,110,高雄市內門區,13770
194,10,110,高雄市茂林區,1874
928.98,5,110,高雄市桃源區,4193
252.9895,12,110,高雄市那瑪夏區,3143
29.408,3226,110,宜蘭縣宜蘭市,94869
11.3448,6235,110,宜蘭縣羅東鎮,70732
89.0196,430,110,宜蘭縣蘇澳鎮,38272
100.893,283,110,宜蘭縣頭城鎮,28544
101.4278,346,110,宜蘭縣礁溪鄉,35057
38.4769,634,110,宜蘭縣壯圍鄉,24391
111.9106,286,110,宜蘭縣員山鄉,32056
79.8573,663,110,宜蘭縣冬山鄉,52928
38.8671,1043,110,宜蘭縣五結鄉,40539
144.2238,147,110,宜蘭縣三星鄉,21206
657.5442,9,110,宜蘭縣大同鄉,6088
740.652,8,110,宜蘭縣南澳鄉,6010
46.8341,4403,110,新竹縣竹北市,206189
125.5193,218,110,新竹縣關西鎮,27377
72.1911,457,110,新竹縣新埔鎮,32975
53.5133,1805,110,新竹縣竹東鎮,96590
58.4303,1362,110,新竹縣湖口鄉,79602
66.3502,186,110,新竹縣橫山鄉,12343
46.3496,1249,110,新竹縣新豐鄉,57908
40.7858,489,110,新竹縣芎林鄉,19936
64.7871,224,110,新竹縣寶山鄉,14504
50.6676,174,110,新竹縣北埔鄉,8797
46.801,113,110,新竹縣峨眉鄉,5309
527.5795,18,110,新竹縣尖石鄉,9577
227.728,20,110,新竹縣五峰鄉,4473
37.8878,2295,110,苗栗縣苗栗市,86939
53.3205,1971,110,苗栗縣頭份市,105084
68.2473,648,110,苗栗縣苑裡鎮,44256
107.8486,301,110,苗栗縣通霄鎮,32441
37.5592,2326,110,苗栗縣竹南鎮,87365
75.8079,458,110,苗栗縣後龍鎮,34694
76.3153,208,110,苗栗縣卓蘭鎮,15866
90.8396,149,110,苗栗縣大湖鄉,13530
71.4523,446,110,苗栗縣公館鄉,31867
78.3805,215,110,苗栗縣銅鑼鄉,16871
165.4938,56,110,苗栗縣南庄鄉,9328
52.5046,191,110,苗栗縣頭屋鄉,10026
69.3424,222,110,苗栗縣三義鄉,15388
41.0758,160,110,苗栗縣西湖鄉,6558
47.9978,249,110,苗栗縣造橋鄉,11956
52.2964,119,110,苗栗縣三灣鄉,6201
79.4324,52,110,苗栗縣獅潭鄉,4117
614.5127,9,110,苗栗縣泰安鄉,5691
65.6947,3478,110,彰化縣彰化市,228470
40.038,3066,110,彰化縣員林市,122757
39.4625,2175,110,彰化縣鹿港鎮,85837
39.9345,2243,110,彰化縣和美鎮,89558
19.2547,1730,110,彰化縣北斗鎮,33303
32.0592,1695,110,彰化縣溪湖鎮,54340
34.6056,1159,110,彰化縣田中鎮,40123
92.8478,529,110,彰化縣二林鎮,49082
18.0856,912,110,彰化縣線西鄉,16486
22.3268,1695,110,彰化縣伸港鄉,37838
49.8934,921,110,彰化縣福興鄉,45956
29.3447,1317,110,彰化縣秀水鄉,38633
36.3469,1232,110,彰化縣花壇鄉,44795
38.0204,600,110,彰化縣芬園鄉,22827
30.7837,1294,110,彰化縣大村鄉,39835
38.6081,821,110,彰化縣埔鹽鄉,31682
20.9526,1624,110,彰化縣埔心鄉,34037
20.6382,1738,110,彰化縣永靖鄉,35879
36.1449,1163,110,彰化縣社頭鄉,42026
29.4449,488,110,彰化縣二水鄉,14377
24.0375,1099,110,彰化縣田尾鄉,26407
42.7508,695,110,彰化縣埤頭鄉,29706
91.3827,351,110,彰化縣芳苑鄉,32110
63.7406,247,110,彰化縣大城鄉,15733
42.1662,346,110,彰化縣竹塘鄉,14584
75.831,382,110,彰化縣溪州鄉,28949
71.6021,1372,110,南投縣南投市,98244
162.2227,481,110,南投縣埔里鎮,78107
104.0327,932,110,南投縣草屯鎮,96923
247.3339,213,110,南投縣竹山鎮,52629
49.7268,206,110,南投縣集集鎮,10227
83.0955,444,110,南投縣名間鄉,36925
141.8981,119,110,南投縣鹿谷鄉,16850
146.6541,96,110,南投縣中寮鄉,14013
121.3735,125,110,南投縣魚池鄉,15162
175.7042,100,110,南投縣國姓鄉,17557
106.8424,156,110,南投縣水里鄉,16665
1422.4188,11,110,南投縣信義鄉,15785
1273.5312,12,110,南投縣仁愛鄉,15810
93.7151,1153,110,雲林縣斗六市,108100
48.1505,905,110,雲林縣斗南鎮,43584
68.742,1028,110,雲林縣虎尾鎮,70648
49.7985,904,110,雲林縣西螺鎮,45029
49.0212,570,110,雲林縣土庫鎮,27938
41.4999,926,110,雲林縣北港鎮,38437
166.6059,183,110,雲林縣古坑鄉,30438
44.9973,410,110,雲林縣大埤鄉,18451
50.8502,550,110,雲林縣莿桐鄉,27970
37.6035,456,110,雲林縣林內鄉,17131
59.5625,431,110,雲林縣二崙鄉,25660
58.484,403,110,雲林縣崙背鄉,23584
80.1668,607,110,雲林縣麥寮鄉,48695
48.3562,286,110,雲林縣東勢鄉,13849
37.0552,331,110,雲林縣褒忠鄉,12279
54.0983,417,110,雲林縣臺西鄉,22558
71.5872,338,110,雲林縣元長鄉,24177
77.1189,284,110,雲林縣四湖鄉,21891
80.4612,323,110,雲林縣口湖鄉,25976
72.9582,325,110,雲林縣水林鄉,23737
66.8964,577,110,嘉義縣太保市,38571
49.5737,832,110,嘉義縣朴子市,41256
61.7307,413,110,嘉義縣布袋鎮,25521
64.1663,469,110,嘉義縣大林鎮,30068
85.4969,827,110,嘉義縣民雄鄉,70675
33.0463,416,110,嘉義縣溪口鄉,13761
66.0495,465,110,嘉義縣新港鄉,30705
62.2619,350,110,嘉義縣六腳鄉,21774
81.5821,288,110,嘉義縣東石鄉,23464
79.2925,217,110,嘉義縣義竹鄉,17232
54.3151,270,110,嘉義縣鹿草鄉,14658
69.1198,702,110,嘉義縣水上鄉,48529
129.5016,337,110,嘉義縣中埔鄉,43602
162.2256,211,110,嘉義縣竹崎鄉,34190
119.7571,153,110,嘉義縣梅山鄉,18324
117.5269,94,110,嘉義縣番路鄉,11033
173.2472,26,110,嘉義縣大埔鄉,4533
427.8471,13,110,嘉義縣阿里山鄉,5420
65.067,3010,110,屏東縣屏東市,195862
42.4331,1262,110,屏東縣潮州鎮,53546
29.4635,1570,110,屏東縣東港鎮,46268
136.763,220,110,屏東縣恆春鎮,30089
57.4679,865,110,屏東縣萬丹鄉,49696
39.8861,736,110,屏東縣長治鄉,29337
16.26,654,110,屏東縣麟洛鄉,10629
42.0187,517,110,屏東縣九如鄉,21734
68.9208,373,110,屏東縣里港鄉,25696
64.3493,382,110,屏東縣鹽埔鄉,24586
90.1522,260,110,屏東縣高樹鄉,23439
60.7315,328,110,屏東縣萬巒鄉,19915
81.8554,642,110,屏東縣內埔鄉,52544
29.0732,561,110,屏東縣竹田鄉,16318
59.0102,160,110,屏東縣新埤鄉,9451
57.7347,403,110,屏東縣枋寮鄉,23246
38.3109,873,110,屏東縣新園鄉,33447
31.2659,488,110,屏東縣崁頂鄉,15272
15.6233,1090,110,屏東縣林邊鄉,17023
18.97,534,110,屏東縣南州鄉,10133
30.9842,591,110,屏東縣佳冬鄉,18321
6.8018,1780,110,屏東縣琉球鄉,12104
49.8517,164,110,屏東縣車城鄉,8181
142.2013,52,110,屏東縣滿州鄉,7353
17.2697,298,110,屏東縣枋山鄉,5150
196.3965,39,110,屏東縣三地門鄉,7711
278.796,12,110,屏東縣霧臺鄉,3259
78.7008,85,110,屏東縣瑪家鄉,6706
118.6266,45,110,屏東縣泰武鄉,5360
167.7756,44,110,屏東縣來義鄉,7397
160.001,31,110,屏東縣春日鄉,4930
301.0018,16,110,屏東縣獅子鄉,4888
181.8366,27,110,屏東縣牡丹鄉,4849
109.7691,947,110,臺東縣臺東市,103943
143.9939,93,110,臺東縣成功鎮,13330
58.7351,141,110,臺東縣關山鎮,8274
412.6871,41,110,臺東縣卑南鄉,16833
69.1454,81,110,臺東縣大武鄉,5635
96.6523,112,110,臺東縣太麻里鄉,10819
210.1908,39,110,臺東縣東河鄉,8106
155.1868,44,110,臺東縣長濱鄉,6791
89.698,83,110,臺東縣鹿野鄉,7482
82.6854,96,110,臺東縣池上鄉,7976
15.0919,273,110,臺東縣綠島鄉,4124
455.8805,8,110,臺東縣延平鄉,3591
880.0382,5,110,臺東縣海端鄉,4151
306.4454,11,110,臺東縣達仁鄉,3437
380.6635,10,110,臺東縣金峰鄉,3663
48.3892,108,110,臺東縣蘭嶼鄉,5231
29.4095,3433,110,花蓮縣花蓮市,100955
120.5181,89,110,花蓮縣鳳林鎮,10679
252.3719,91,110,花蓮縣玉里鎮,22878
29.4095,689,110,花蓮縣新城鄉,20252
65.2582,1274,110,花蓮縣吉安鄉,83122
218.4448,79,110,花蓮縣壽豐鄉,17351
157.11,78,110,花蓮縣光復鄉,12185
162.4332,27,110,花蓮縣豐濱鄉,4327
135.5862,82,110,花蓮縣瑞穗鄉,11123
176.3705,56,110,花蓮縣富里鄉,9812
1641.8555,10,110,花蓮縣秀林鄉,16555
618.491,10,110,花蓮縣萬榮鄉,6152
1021.313,6,110,花蓮縣卓溪鄉,5967
33.9918,1862,110,澎湖縣馬公市,63289
33.3008,464,110,澎湖縣湖西鄉,15447
20.0875,497,110,澎湖縣白沙鄉,9989
18.7148,446,110,澎湖縣西嶼鄉,8338
13.7824,393,110,澎湖縣望安鄉,5415
6.9868,553,110,澎湖縣七美鄉,3862
10.2118,4960,110,基隆市中正區,50654
56.2659,947,110,基隆市七堵區,53276
22.8283,1682,110,基隆市暖暖區,38398
4.2335,9884,110,基隆市仁愛區,41842
10.5238,4348,110,基隆市中山區,45755
18.025,4494,110,基隆市安樂區,81001
10.6706,4972,110,基隆市信義區,53051
33.5768,6601,110,新竹市東區,221651
15.7267,9687,110,新竹市北區,152348
54.8491,1434,110,新竹市香山區,78641
30.1556,3945,110,嘉義市東區,118956
29.87,4880,110,嘉義市西區,145771
21.713,1973,110,金門縣金城鎮,42845
41.696,734,110,金門縣金湖鎮,30593
41.19,505,110,金門縣金沙鎮,20785
29.854,1136,110,金門縣金寧鄉,33901
16.003,796,110,金門縣烈嶼鄉,12743
1.2,560,110,金門縣烏坵鄉,672
10.4,736,110,連江縣南竿鄉,7657
9.9,303,110,連江縣北竿鄉,2998
4.7,318,110,連江縣莒光鄉,1496
3.8,393,110,連江縣東引鄉,1494
23.1373,23753,111,新北市板橋區,549572
16.317,23278,111,新北市三重區,379825
20.144,20011,111,新北市中和區,403109
5.7138,37133,111,新北市永和區,212170
19.7383,21277,111,新北市新莊區,419966
120.2255,2484,111,新北市新店區,298594
33.1288,5435,111,新北市樹林區,180067
21.1248,4185,111,新北市鶯歌區,88406
191.4508,602,111,新北市三峽區,115274
70.6565,2658,111,新北市淡水區,187823
71.2354,2896,111,新北市汐止區,206265
70.7336,533,111,新北市瑞芳區,37695
29.5578,8036,111,新北市土城區,237538
7.4351,26874,111,新北市蘆洲區,199811
34.8632,2623,111,新北市五股區,91436
19.1603,4018,111,新北市泰山區,76982
54.1519,2362,111,新北市林口區,127887
20.5787,1143,111,新北市深坑區,23528
144.3498,51,111,新北市石碇區,7292
170.835,38,111,新北市坪林區,6553
65.9909,337,111,新北市三芝區,22228
51.2645,214,111,新北市石門區,10961
39.4933,1036,111,新北市八里區,40902
71.3382,60,111,新北市平溪區,4268
146.2484,55,111,新北市雙溪區,8102
99.9734,113,111,新北市貢寮區,11260
49.2132,418,111,新北市金山區,20577
63.3766,333,111,新北市萬里區,21101
321.1306,20,111,新北市烏來區,6359
9.2878,20450,111,臺北市松山區,189939
11.2077,18182,111,臺北市信義區,203780
11.3614,25046,111,臺北市大安區,284557
13.6821,15544,111,臺北市中山區,212669
7.6071,19469,111,臺北市中正區,148103
5.6815,20916,111,臺北市大同區,118833
8.8522,19548,111,臺北市萬華區,173040
31.509,8174,111,臺北市文山區,257558
21.8424,5210,111,臺北市南港區,113798
31.5787,8644,111,臺北市內湖區,272963
62.3682,4244,111,臺北市士林區,264716
56.8216,4237,111,臺北市北投區,240725
34.8046,13284,111,桃園市桃園區,462338
76.52,5537,111,桃園市中壢區,423722
105.1206,897,111,桃園市大溪區,94313
89.1229,1993,111,桃園市楊梅區,177602
75.5025,2215,111,桃園市蘆竹區,167205
87.3925,984,111,桃園市大園區,85991
72.0177,2392,111,桃園市龜山區,172274
33.7111,6228,111,桃園市八德區,209952
75.2341,1661,111,桃園市龍潭區,124973
47.7532,4771,111,桃園市平鎮區,227810
85.0166,579,111,桃園市新屋區,49205
87.9807,830,111,桃園市觀音區,73026
350.7775,37,111,桃園市復興區,13053
0.8803,20033,111,臺中市中區,17635
9.2855,8137,111,臺中市東區,75554
6.8101,18424,111,臺中市南區,125466
5.7042,19683,111,臺中市西區,112278
6.9376,20580,111,臺中市北區,142778
39.8467,5819,111,臺中市西屯區,231866
31.2578,5692,111,臺中市南屯區,177930
62.7034,4715,111,臺中市北屯區,295677
41.1845,3969,111,臺中市豐原區,163476
117.4065,407,111,臺中市東勢區,47817
58.5192,1277,111,臺中市大甲區,74737
64.1709,1386,111,臺中市清水區,88947
40.4604,2397,111,臺中市沙鹿區,97002
16.6049,3604,111,臺中市梧棲區,59848
58.9439,910,111,臺中市后里區,53667
35.0445,1835,111,臺中市神岡區,64308
25.8497,4203,111,臺中市潭子區,108639
32.4109,2940,111,臺中市大雅區,95275
68.8874,338,111,臺中市新社區,23283
18.2105,777,111,臺中市石岡區,14154
42.4099,737,111,臺中市外埔區,31264
27.4045,665,111,臺中市大安區,18230
43.4032,1800,111,臺中市烏日區,78122
37.0024,1517,111,臺中市大肚區,56129
38.0377,2048,111,臺中市龍井區,77887
98.0779,653,111,臺中市霧峰區,64091
120.7473,1623,111,臺中市太平區,196011
28.8758,7323,111,臺中市大里區,211469
1037.8192,11,111,臺中市和平區,10919
38.5386,1944,111,臺南市新營區,74908
52.2455,468,111,臺南市鹽水區,24452
126.4046,207,111,臺南市白河區,26203
61.2929,333,111,臺南市柳營區,20407
72.2189,303,111,臺南市後壁區,21891
124.9178,155,111,臺南市東山區,19366
53.9744,795,111,臺南市麻豆區,42933
33.5291,675,111,臺南市下營區,22635
67.5471,316,111,臺南市六甲區,21342
70.7953,294,111,臺南市官田區,20849
70.3125,126,111,臺南市大內區,8847
38.9422,1491,111,臺南市佳里區,58063
53.9919,458,111,臺南市學甲區,24749
33.7666,732,111,臺南市西港區,24713
110.1492,195,111,臺南市七股區,21439
41.9796,444,111,臺南市將軍區,18618
44.1003,231,111,臺南市北門區,10183
62.0579,684,111,臺南市新化區,42467
55.3097,937,111,臺南市善化區,51842
47.8096,784,111,臺南市新市區,37482
31.27,956,111,臺南市安定區,29904
27.878,250,111,臺南市山上區,6976
76.3662,172,111,臺南市玉井區,13118
109.6316,81,111,臺南市楠西區,8870
171.5198,47,111,臺南市南化區,8114
74.9025,58,111,臺南市左鎮區,4366
50.7664,1515,111,臺南市仁德區,76896
55.7913,1220,111,臺南市歸仁區,68044
53.6413,623,111,臺南市關廟區,33424
64.0814,56,111,臺南市龍崎區,3601
40.2753,5813,111,臺南市永康區,234130
13.4156,13455,111,臺南市東區,180511
27.2681,4439,111,臺南市南區,121035
10.434,12082,111,臺南市北區,126068
107.2016,1857,111,臺南市安南區,199118
11.0663,6147,111,臺南市安平區,68025
6.26,12365,111,臺南市中西區,77408
1.4161,15875,111,高雄市鹽埕區,22481
14.7523,9462,111,高雄市鼓山區,139590
19.3823,10076,111,高雄市左營區,195296
25.8276,7407,111,高雄市楠梓區,191313
19.7866,16699,111,高雄市三民區,330419
1.9764,24827,111,高雄市新興區,49068
1.8573,14340,111,高雄市前金區,26633
8.1522,19951,111,高雄市苓雅區,162642
19.1207,9429,111,高雄市前鎮區,180282
1.4639,18219,111,高雄市旗津區,26671
45.4426,3407,111,高雄市小港區,154808
26.759,13305,111,高雄市鳳山區,356016
32.286,2119,111,高雄市林園區,68429
71.04,1570,111,高雄市大寮區,111514
66.9811,608,111,高雄市大樹區,40732
26.5848,1267,111,高雄市大社區,33670
36.0808,2635,111,高雄市仁武區,95089
24.5927,1796,111,高雄市鳥松區,44168
47.9421,1989,111,高雄市岡山區,95349
25.9379,1560,111,高雄市橋頭區,40470
65.395,443,111,高雄市燕巢區,28963
92.6802,72,111,高雄市田寮區,6655
34.6164,799,111,高雄市阿蓮區,27656
48.4348,1045,111,高雄市路竹區,50602
20.1615,1465,111,高雄市湖內區,29540
15.7624,1870,111,高雄市茄萣區,29480
22.6141,609,111,高雄市永安區,13776
14.7772,1250,111,高雄市彌陀區,18468
11.5967,3005,111,高雄市梓官區,34845
94.6122,366,111,高雄市旗山區,34622
120.0316,311,111,高雄市美濃區,37317
194.1584,61,111,高雄市六龜區,11920
124.034,46,111,高雄市甲仙區,5661
104.0036,107,111,高雄市杉林區,11094
95.6224,141,111,高雄市內門區,13499
194,10,111,高雄市茂林區,1940
928.98,5,111,高雄市桃源區,4258
252.9895,13,111,高雄市那瑪夏區,3201
29.408,3219,111,宜蘭縣宜蘭市,94679
11.3448,6171,111,宜蘭縣羅東鎮,70012
89.0196,425,111,宜蘭縣蘇澳鎮,37867
100.893,282,111,宜蘭縣頭城鎮,28453
101.4278,343,111,宜蘭縣礁溪鄉,34800
38.4769,635,111,宜蘭縣壯圍鄉,24417
111.9106,285,111,宜蘭縣員山鄉,31918
79.8573,661,111,宜蘭縣冬山鄉,52761
38.8671,1046,111,宜蘭縣五結鄉,40662
144.2238,147,111,宜蘭縣三星鄉,21235
657.5442,9,111,宜蘭縣大同鄉,6139
740.652,8,111,宜蘭縣南澳鄉,6119
46.8341,4467,111,新竹縣竹北市,209221
125.5193,216,111,新竹縣關西鎮,27099
72.1911,458,111,新竹縣新埔鎮,33055
53.5133,1801,111,新竹縣竹東鎮,96375
58.4303,1390,111,新竹縣湖口鄉,81232
66.3502,184,111,新竹縣橫山鄉,12212
46.3496,1265,111,新竹縣新豐鄉,58651
40.7858,494,111,新竹縣芎林鄉,20159
64.7871,222,111,新竹縣寶山鄉,14391
50.6676,171,111,新竹縣北埔鄉,8672
46.801,114,111,新竹縣峨眉鄉,5319
527.5795,18,111,新竹縣尖石鄉,9574
227.728,20,111,新竹縣五峰鄉,4543
37.8878,2273,111,苗栗縣苗栗市,86112
53.3205,1976,111,苗栗縣頭份市,105354
68.2473,644,111,苗栗縣苑裡鎮,43927
107.8486,295,111,苗栗縣通霄鎮,31835
37.5592,2353,111,苗栗縣竹南鎮,88364
75.8079,453,111,苗栗縣後龍鎮,34358
76.3153,203,111,苗栗縣卓蘭鎮,15514
90.8396,146,111,苗栗縣大湖鄉,13219
71.4523,440,111,苗栗縣公館鄉,31445
78.3805,213,111,苗栗縣銅鑼鄉,16682
165.4938,55,111,苗栗縣南庄鄉,9046
52.5046,189,111,苗栗縣頭屋鄉,9948
69.3424,218,111,苗栗縣三義鄉,15151
41.0758,157,111,苗栗縣西湖鄉,6440
47.9978,244,111,苗栗縣造橋鄉,11706
52.2964,117,111,苗栗縣三灣鄉,6143
79.4324,52,111,苗栗縣獅潭鄉,4149
614.5127,9,111,苗栗縣泰安鄉,5739
65.6947,3448,111,彰化縣彰化市,226519
40.038,3056,111,彰化縣員林市,122367
39.4625,2163,111,彰化縣鹿港鎮,85370
39.9345,2220,111,彰化縣和美鎮,88666
19.2547,1727,111,彰化縣北斗鎮,33259
32.0592,1686,111,彰化縣溪湖鎮,54056
34.6056,1147,111,彰化縣田中鎮,39693
92.8478,521,111,彰化縣二林鎮,48390
18.0856,901,111,彰化縣線西鄉,16303
22.3268,1700,111,彰化縣伸港鄉,37948
49.8934,911,111,彰化縣福興鄉,45445
29.3447,1304,111,彰化縣秀水鄉,38258
36.3469,1219,111,彰化縣花壇鄉,44296
38.0204,591,111,彰化縣芬園鄉,22456
30.7837,1312,111,彰化縣大村鄉,40392
38.6081,812,111,彰化縣埔鹽鄉,31349
20.9526,1614,111,彰化縣埔心鄉,33813
20.6382,1718,111,彰化縣永靖鄉,35464
36.1449,1151,111,彰化縣社頭鄉,41606
29.4449,481,111,彰化縣二水鄉,14168
24.0375,1085,111,彰化縣田尾鄉,26069
42.7508,685,111,彰化縣埤頭鄉,29293
91.3827,346,111,彰化縣芳苑鄉,31614
63.7406,242,111,彰化縣大城鄉,15455
42.1662,341,111,彰化縣竹塘鄉,14370
75.831,377,111,彰化縣溪州鄉,28620
71.6021,1360,111,南投縣南投市,97361
162.2227,476,111,南投縣埔里鎮,77244
104.0327,929,111,南投縣草屯鎮,96646
247.3339,210,111,南投縣竹山鎮,51863
49.7268,202,111,南投縣集集鎮,10068
83.0955,436,111,南投縣名間鄉,36234
141.8981,116,111,南投縣鹿谷鄉,16477
146.6541,94,111,南投縣中寮鄉,13841
121.3735,123,111,南投縣魚池鄉,14892
175.7042,98,111,南投縣國姓鄉,17256
106.8424,153,111,南投縣水里鄉,16387
1422.4188,11,111,南投縣信義鄉,15594
1273.5312,12,111,南投縣仁愛鄉,15732
93.7151,1150,111,雲林縣斗六市,107791
48.1505,900,111,雲林縣斗南鎮,43355
68.742,1023,111,雲林縣虎尾鎮,70305
49.7985,895,111,雲林縣西螺鎮,44578
49.0212,564,111,雲林縣土庫鎮,27650
41.4999,912,111,雲林縣北港鎮,37849
166.6059,181,111,雲林縣古坑鄉,30138
44.9973,405,111,雲林縣大埤鄉,18231
50.8502,542,111,雲林縣莿桐鄉,27554
37.6035,450,111,雲林縣林內鄉,16930
59.5625,423,111,雲林縣二崙鄉,25220
58.484,395,111,雲林縣崙背鄉,23098
80.1668,616,111,雲林縣麥寮鄉,49354
48.3562,282,111,雲林縣東勢鄉,13642
37.0552,328,111,雲林縣褒忠鄉,12143
54.0983,409,111,雲林縣臺西鄉,22151
71.5872,331,111,雲林縣元長鄉,23713
77.1189,280,111,雲林縣四湖鄉,21582
80.4612,318,111,雲林縣口湖鄉,25566
72.9582,319,111,雲林縣水林鄉,23242
66.8964,582,111,嘉義縣太保市,38919
49.5737,825,111,嘉義縣朴子市,40882
61.7307,406,111,嘉義縣布袋鎮,25056
64.1663,464,111,嘉義縣大林鎮,29744
85.4969,822,111,嘉義縣民雄鄉,70298
33.0463,407,111,嘉義縣溪口鄉,13463
66.0495,459,111,嘉義縣新港鄉,30302
62.2619,343,111,嘉義縣六腳鄉,21331
81.5821,284,111,嘉義縣東石鄉,23144
79.2925,214,111,嘉義縣義竹鄉,16994
54.3151,266,111,嘉義縣鹿草鄉,14426
69.1198,693,111,嘉義縣水上鄉,47912
129.5016,332,111,嘉義縣中埔鄉,43048
162.2256,208,111,嘉義縣竹崎鄉,33792
119.7571,151,111,嘉義縣梅山鄉,18052
117.5269,93,111,嘉義縣番路鄉,10938
173.2472,26,111,嘉義縣大埔鄉,4476
427.8471,13,111,嘉義縣阿里山鄉,5381
65.067,2981,111,屏東縣屏東市,193941
42.4331,1252,111,屏東縣潮州鎮,53124
29.4635,1558,111,屏東縣東港鎮,45908
136.763,219,111,屏東縣恆春鎮,29899
57.4679,861,111,屏東縣萬丹鄉,49457
39.8861,730,111,屏東縣長治鄉,29126
16.26,651,111,屏東縣麟洛鄉,10592
42.0187,515,111,屏東縣九如鄉,21645
68.9208,373,111,屏東縣里港鄉,25685
64.3493,377,111,屏東縣鹽埔鄉,24266
90.1522,257,111,屏東縣高樹鄉,23182
60.7315,321,111,屏東縣萬巒鄉,19478
81.8554,638,111,屏東縣內埔鄉,52258
29.0732,553,111,屏東縣竹田鄉,16073
59.0102,163,111,屏東縣新埤鄉,9623
57.7347,398,111,屏東縣枋寮鄉,22969
38.3109,864,111,屏東縣新園鄉,33091
31.2659,485,111,屏東縣崁頂鄉,15168
15.6233,1073,111,屏東縣林邊鄉,16762
18.97,530,111,屏東縣南州鄉,10049
30.9842,584,111,屏東縣佳冬鄉,18095
6.8018,1796,111,屏東縣琉球鄉,12216
49.8517,164,111,屏東縣車城鄉,8194
142.2013,52,111,屏東縣滿州鄉,7454
17.2697,297,111,屏東縣枋山鄉,5128
196.3965,40,111,屏東縣三地門鄉,7793
278.796,12,111,屏東縣霧臺鄉,3324
78.7008,86,111,屏東縣瑪家鄉,6796
118.6266,45,111,屏東縣泰武鄉,5338
167.7756,44,111,屏東縣來義鄉,7423
160.001,31,111,屏東縣春日鄉,4889
301.0018,16,111,屏東縣獅子鄉,4891
181.8366,27,111,屏東縣牡丹鄉,4866
109.7691,941,111,臺東縣臺東市,103252
143.9939,92,111,臺東縣成功鎮,13212
58.7351,139,111,臺東縣關山鎮,8165
412.6871,41,111,臺東縣卑南鄉,16846
69.1454,81,111,臺東縣大武鄉,5635
96.6523,111,111,臺東縣太麻里鄉,10744
210.1908,38,111,臺東縣東河鄉,8060
155.1868,43,111,臺東縣長濱鄉,6733
89.698,82,111,臺東縣鹿野鄉,7314
82.6854,97,111,臺東縣池上鄉,7995
15.0919,284,111,臺東縣綠島鄉,4285
455.8805,8,111,臺東縣延平鄉,3630
880.0382,5,111,臺東縣海端鄉,4222
306.4454,11,111,臺東縣達仁鄉,3482
380.6635,10,111,臺東縣金峰鄉,3713
48.3892,109,111,臺東縣蘭嶼鄉,5263
29.4095,3385,111,花蓮縣花蓮市,99558
120.5181,87,111,花蓮縣鳳林鎮,10536
252.3719,89,111,花蓮縣玉里鎮,22408
29.4095,689,111,花蓮縣新城鄉,20256
65.2582,1269,111,花蓮縣吉安鄉,82795
218.4448,78,111,花蓮縣壽豐鄉,17133
157.11,76,111,花蓮縣光復鄉,12015
162.4332,27,111,花蓮縣豐濱鄉,4315
135.5862,81,111,花蓮縣瑞穗鄉,10968
176.3705,55,111,花蓮縣富里鄉,9689
1641.8555,10,111,花蓮縣秀林鄉,16992
618.491,10,111,花蓮縣萬榮鄉,6175
1021.313,6,111,花蓮縣卓溪鄉,6052
33.9918,1873,111,澎湖縣馬公市,63657
33.3008,475,111,澎湖縣湖西鄉,15820
20.0875,500,111,澎湖縣白沙鄉,10047
18.7148,446,111,澎湖縣西嶼鄉,8341
13.7824,395,111,澎湖縣望安鄉,5448
6.9868,560,111,澎湖縣七美鄉,3910
10.2118,4953,111,基隆市中正區,50574
56.2659,942,111,基隆市七堵區,53003
22.8283,1679,111,基隆市暖暖區,38320
4.2335,9762,111,基隆市仁愛區,41328
10.5238,4280,111,基隆市中山區,45038
18.025,4455,111,基隆市安樂區,80297
10.6706,4964,111,基隆市信義區,52966
33.5768,6601,111,新竹市東區,221657
15.7267,9673,111,新竹市北區,152118
54.8491,1435,111,新竹市香山區,78698
30.1556,3907,111,嘉義市東區,117826
29.87,4858,111,嘉義市西區,145098
21.713,1950,111,金門縣金城鎮,42342
41.696,735,111,金門縣金湖鎮,30636
41.19,502,111,金門縣金沙鎮,20673
29.854,1150,111,金門縣金寧鄉,34325
16.003,790,111,金門縣烈嶼鄉,12649
1.2,558,111,金門縣烏坵鄉,670
10.4,750,111,連江縣南竿鄉,7797
9.9,321,111,連江縣北竿鄉,3181
4.7,313,111,連江縣莒光鄉,1471
3.8,404,111,連江縣東引鄉,1534
