statistic_yyy,site_id,people_total
107,新北市板橋區,554742
107,新北市三重區,385826
107,新北市中和區,412486
107,新北市永和區,221098
107,新北市新莊區,417754
107,新北市新店區,302231
107,新北市樹林區,183946
107,新北市鶯歌區,86361
107,新北市三峽區,115820
107,新北市淡水區,173502
107,新北市汐止區,200535
107,新北市瑞芳區,39982
107,新北市土城區,236901
107,新北市蘆洲區,201332
107,新北市五股區,86329
107,新北市泰山區,78708
107,新北市林口區,110081
107,新北市深坑區,23634
107,新北市石碇區,7731
107,新北市坪林區,6612
107,新北市三芝區,22978
107,新北市石門區,12115
107,新北市八里區,38906
107,新北市平溪區,4666
107,新北市雙溪區,8860
107,新北市貢寮區,12301
107,新北市金山區,21774
107,新北市萬里區,22068
107,新北市烏來區,6438
107,臺北市松山區,205702
107,臺北市信義區,223406
107,臺北市大安區,308843
107,臺北市中山區,229456
107,臺北市中正區,159000
107,臺北市大同區,127625
107,臺北市萬華區,189603
107,臺北市文山區,273762
107,臺北市南港區,121670
107,臺北市內湖區,287429
107,臺北市士林區,286544
107,臺北市北投區,255532
107,桃園市桃園區,447302
107,桃園市中壢區,412063
107,桃園市大溪區,94885
107,桃園市楊梅區,170380
107,桃園市蘆竹區,164384
107,桃園市大園區,90888
107,桃園市龜山區,160591
107,桃園市八德區,202198
107,桃園市龍潭區,123175
107,桃園市平鎮區,226412
107,桃園市新屋區,49210
107,桃園市觀音區,67358
107,桃園市復興區,12026
107,臺中市中區,18514
107,臺中市東區,76175
107,臺中市南區,125874
107,臺中市西區,115698
107,臺中市北區,147557
107,臺中市西屯區,228630
107,臺中市南屯區,170618
107,臺中市北屯區,279297
107,臺中市豐原區,167025
107,臺中市東勢區,50256
107,臺中市大甲區,77625
107,臺中市清水區,86862
107,臺中市沙鹿區,94079
107,臺中市梧棲區,58218
107,臺中市后里區,54775
107,臺中市神岡區,65711
107,臺中市潭子區,108952
107,臺中市大雅區,95815
107,臺中市新社區,24576
107,臺中市石岡區,14956
107,臺中市外埔區,32230
107,臺中市大安區,19267
107,臺中市烏日區,75372
107,臺中市大肚區,57324
107,臺中市龍井區,77998
107,臺中市霧峰區,65619
107,臺中市太平區,191752
107,臺中市大里區,212104
107,臺中市和平區,11015
107,臺南市新營區,77617
107,臺南市鹽水區,25395
107,臺南市白河區,28105
107,臺南市柳營區,21205
107,臺南市後壁區,23346
107,臺南市東山區,20788
107,臺南市麻豆區,44260
107,臺南市下營區,23916
107,臺南市六甲區,22148
107,臺南市官田區,21314
107,臺南市大內區,9605
107,臺南市佳里區,59083
107,臺南市學甲區,25665
107,臺南市西港區,24690
107,臺南市七股區,22732
107,臺南市將軍區,19664
107,臺南市北門區,11051
107,臺南市新化區,43456
107,臺南市善化區,48968
107,臺南市新市區,36898
107,臺南市安定區,30483
107,臺南市山上區,7317
107,臺南市玉井區,13997
107,臺南市楠西區,9537
107,臺南市南化區,8724
107,臺南市左鎮區,4781
107,臺南市仁德區,75878
107,臺南市歸仁區,68403
107,臺南市關廟區,34353
107,臺南市龍崎區,3995
107,臺南市永康區,234891
107,臺南市東區,186250
107,臺南市南區,124824
107,臺南市北區,132112
107,臺南市安南區,193438
107,臺南市安平區,66775
107,臺南市中西區,78167
107,高雄市鹽埕區,24059
107,高雄市鼓山區,140133
107,高雄市左營區,196872
107,高雄市楠梓區,185687
107,高雄市三民區,340913
107,高雄市新興區,51032
107,高雄市前金區,26831
107,高雄市苓雅區,169648
107,高雄市前鎮區,188340
107,高雄市旗津區,28506
107,高雄市小港區,157742
107,高雄市鳳山區,359519
107,高雄市林園區,69870
107,高雄市大寮區,112421
107,高雄市大樹區,42390
107,高雄市大社區,34604
107,高雄市仁武區,87694
107,高雄市鳥松區,44469
107,高雄市岡山區,97103
107,高雄市橋頭區,37650
107,高雄市燕巢區,29820
107,高雄市田寮區,7159
107,高雄市阿蓮區,28658
107,高雄市路竹區,52538
107,高雄市湖內區,29794
107,高雄市茄萣區,30089
107,高雄市永安區,13909
107,高雄市彌陀區,19252
107,高雄市梓官區,35940
107,高雄市旗山區,36652
107,高雄市美濃區,39589
107,高雄市六龜區,12939
107,高雄市甲仙區,6026
107,高雄市杉林區,11795
107,高雄市內門區,14437
107,高雄市茂林區,1994
107,高雄市桃源區,4311
107,高雄市那瑪夏區,3148
107,宜蘭縣宜蘭市,95732
107,宜蘭縣羅東鎮,72433
107,宜蘭縣蘇澳鎮,39682
107,宜蘭縣頭城鎮,29133
107,宜蘭縣礁溪鄉,35619
107,宜蘭縣壯圍鄉,24302
107,宜蘭縣員山鄉,32281
107,宜蘭縣冬山鄉,52880
107,宜蘭縣五結鄉,39543
107,宜蘭縣三星鄉,21359
107,宜蘭縣大同鄉,6242
107,宜蘭縣南澳鄉,6015
107,新竹縣竹北市,187336
107,新竹縣關西鎮,28537
107,新竹縣新埔鎮,33104
107,新竹縣竹東鎮,96380
107,新竹縣湖口鄉,77668
107,新竹縣橫山鄉,12942
107,新竹縣新豐鄉,56980
107,新竹縣芎林鄉,20025
107,新竹縣寶山鄉,14647
107,新竹縣北埔鄉,9335
107,新竹縣峨眉鄉,5587
107,新竹縣尖石鄉,9695
107,新竹縣五峰鄉,4774
107,苗栗縣苗栗市,88216
107,苗栗縣頭份市,103081
107,苗栗縣苑裡鎮,45211
107,苗栗縣通霄鎮,33992
107,苗栗縣竹南鎮,86130
107,苗栗縣後龍鎮,36257
107,苗栗縣卓蘭鎮,16732
107,苗栗縣大湖鄉,14482
107,苗栗縣公館鄉,33261
107,苗栗縣銅鑼鄉,17871
107,苗栗縣南庄鄉,10042
107,苗栗縣頭屋鄉,10667
107,苗栗縣三義鄉,16204
107,苗栗縣西湖鄉,7033
107,苗栗縣造橋鄉,12701
107,苗栗縣三灣鄉,6613
107,苗栗縣獅潭鄉,4331
107,苗栗縣泰安鄉,6039
107,彰化縣彰化市,232729
107,彰化縣員林市,124890
107,彰化縣鹿港鎮,86818
107,彰化縣和美鎮,90782
107,彰化縣北斗鎮,33321
107,彰化縣溪湖鎮,55365
107,彰化縣田中鎮,41541
107,彰化縣二林鎮,50536
107,彰化縣線西鄉,16860
107,彰化縣伸港鄉,37121
107,彰化縣福興鄉,47059
107,彰化縣秀水鄉,39291
107,彰化縣花壇鄉,45853
107,彰化縣芬園鄉,23583
107,彰化縣大村鄉,36968
107,彰化縣埔鹽鄉,32460
107,彰化縣埔心鄉,34745
107,彰化縣永靖鄉,36962
107,彰化縣社頭鄉,42882
107,彰化縣二水鄉,15153
107,彰化縣田尾鄉,27336
107,彰化縣埤頭鄉,30508
107,彰化縣芳苑鄉,33489
107,彰化縣大城鄉,16717
107,彰化縣竹塘鄉,15095
107,彰化縣溪州鄉,29760
107,南投縣南投市,99519
107,南投縣埔里鎮,80340
107,南投縣草屯鎮,97119
107,南投縣竹山鎮,54540
107,南投縣集集鎮,10804
107,南投縣名間鄉,38265
107,南投縣鹿谷鄉,17687
107,南投縣中寮鄉,14680
107,南投縣魚池鄉,15753
107,南投縣國姓鄉,18629
107,南投縣水里鄉,17496
107,南投縣信義鄉,16230
107,南投縣仁愛鄉,15969
107,雲林縣斗六市,108542
107,雲林縣斗南鎮,44547
107,雲林縣虎尾鎮,70844
107,雲林縣西螺鎮,46064
107,雲林縣土庫鎮,28794
107,雲林縣北港鎮,39905
107,雲林縣古坑鄉,31358
107,雲林縣大埤鄉,19030
107,雲林縣莿桐鄉,28703
107,雲林縣林內鄉,17995
107,雲林縣二崙鄉,26855
107,雲林縣崙背鄉,24345
107,雲林縣麥寮鄉,46196
107,雲林縣東勢鄉,14766
107,雲林縣褒忠鄉,12912
107,雲林縣臺西鄉,23730
107,雲林縣元長鄉,25643
107,雲林縣四湖鄉,23209
107,雲林縣口湖鄉,27276
107,雲林縣水林鄉,25308
107,嘉義縣太保市,38069
107,嘉義縣朴子市,42112
107,嘉義縣布袋鎮,26773
107,嘉義縣大林鎮,30896
107,嘉義縣民雄鄉,71367
107,嘉義縣溪口鄉,14592
107,嘉義縣新港鄉,31723
107,嘉義縣六腳鄉,22960
107,嘉義縣東石鄉,24580
107,嘉義縣義竹鄉,18242
107,嘉義縣鹿草鄉,15358
107,嘉義縣水上鄉,49316
107,嘉義縣中埔鄉,44584
107,嘉義縣竹崎鄉,35584
107,嘉義縣梅山鄉,19282
107,嘉義縣番路鄉,11430
107,嘉義縣大埔鄉,4603
107,嘉義縣阿里山鄉,5597
107,屏東縣屏東市,199606
107,屏東縣潮州鎮,53893
107,屏東縣東港鎮,47613
107,屏東縣恆春鎮,30818
107,屏東縣萬丹鄉,50514
107,屏東縣長治鄉,29677
107,屏東縣麟洛鄉,11036
107,屏東縣九如鄉,22061
107,屏東縣里港鄉,26044
107,屏東縣鹽埔鄉,25719
107,屏東縣高樹鄉,24384
107,屏東縣萬巒鄉,20593
107,屏東縣內埔鄉,54115
107,屏東縣竹田鄉,17119
107,屏東縣新埤鄉,9981
107,屏東縣枋寮鄉,24323
107,屏東縣新園鄉,34880
107,屏東縣崁頂鄉,15519
107,屏東縣林邊鄉,17795
107,屏東縣南州鄉,10639
107,屏東縣佳冬鄉,19121
107,屏東縣琉球鄉,12364
107,屏東縣車城鄉,8577
107,屏東縣滿州鄉,7968
107,屏東縣枋山鄉,5498
107,屏東縣三地門鄉,7697
107,屏東縣霧臺鄉,3354
107,屏東縣瑪家鄉,6829
107,屏東縣泰武鄉,5392
107,屏東縣來義鄉,7433
107,屏東縣春日鄉,4909
107,屏東縣獅子鄉,4954
107,屏東縣牡丹鄉,4981
107,臺東縣臺東市,105573
107,臺東縣成功鎮,14059
107,臺東縣關山鎮,8703
107,臺東縣卑南鄉,17269
107,臺東縣大武鄉,6046
107,臺東縣太麻里鄉,11147
107,臺東縣東河鄉,8479
107,臺東縣長濱鄉,7182
107,臺東縣鹿野鄉,7875
107,臺東縣池上鄉,8199
107,臺東縣綠島鄉,4097
107,臺東縣延平鄉,3628
107,臺東縣海端鄉,4186
107,臺東縣達仁鄉,3580
107,臺東縣金峰鄉,3739
107,臺東縣蘭嶼鄉,5157
107,花蓮縣花蓮市,103841
107,花蓮縣鳳林鎮,10846
107,花蓮縣玉里鎮,24007
107,花蓮縣新城鄉,20159
107,花蓮縣吉安鄉,83221
107,花蓮縣壽豐鄉,17949
107,花蓮縣光復鄉,12789
107,花蓮縣豐濱鄉,4752
107,花蓮縣瑞穗鄉,11668
107,花蓮縣富里鄉,10277
107,花蓮縣秀林鄉,15939
107,花蓮縣萬榮鄉,6419
107,花蓮縣卓溪鄉,6101
107,澎湖縣馬公市,62610
107,澎湖縣湖西鄉,14594
107,澎湖縣白沙鄉,9827
107,澎湖縣西嶼鄉,8349
107,澎湖縣望安鄉,5235
107,澎湖縣七美鄉,3825
107,基隆市中正區,51670
107,基隆市七堵區,53782
107,基隆市暖暖區,38619
107,基隆市仁愛區,43730
107,基隆市中山區,47398
107,基隆市安樂區,82294
107,基隆市信義區,52662
107,新竹市東區,215566
107,新竹市北區,151679
107,新竹市香山區,78390
107,嘉義市東區,121162
107,嘉義市西區,147460
107,金門縣金城鎮,43325
107,金門縣金湖鎮,29856
107,金門縣金沙鎮,20784
107,金門縣金寧鄉,31765
107,金門縣烈嶼鄉,12861
107,金門縣烏坵鄉,682
107,連江縣南竿鄉,7663
107,連江縣北竿鄉,2425
107,連江縣莒光鄉,1618
107,連江縣東引鄉,1350
108,新北市板橋區,556897
108,新北市三重區,386336
108,新北市中和區,413069
108,新北市永和區,220595
108,新北市新莊區,420473
108,新北市新店區,303445
108,新北市樹林區,183926
108,新北市鶯歌區,86869
108,新北市三峽區,116478
108,新北市淡水區,178610
108,新北市汐止區,203429
108,新北市瑞芳區,39536
108,新北市土城區,237696
108,新北市蘆洲區,201883
108,新北市五股區,88000
108,新北市泰山區,78751
108,新北市林口區,115582
108,新北市深坑區,23725
108,新北市石碇區,7629
108,新北市坪林區,6689
108,新北市三芝區,22768
108,新北市石門區,11834
108,新北市八里區,39531
108,新北市平溪區,4546
108,新北市雙溪區,8665
108,新北市貢寮區,12033
108,新北市金山區,21396
108,新北市萬里區,21872
108,新北市烏來區,6433
108,臺北市松山區,204193
108,臺北市信義區,220021
108,臺北市大安區,307631
108,臺北市中山區,227387
108,臺北市中正區,158014
108,臺北市大同區,126043
108,臺北市萬華區,187076
108,臺北市文山區,271806
108,臺北市南港區,120297
108,臺北市內湖區,285795
108,臺北市士林區,283459
108,臺北市北投區,253319
108,桃園市桃園區,452824
108,桃園市中壢區,417380
108,桃園市大溪區,95550
108,桃園市楊梅區,173049
108,桃園市蘆竹區,166406
108,桃園市大園區,93078
108,桃園市龜山區,162921
108,桃園市八德區,205974
108,桃園市龍潭區,124031
108,桃園市平鎮區,228436
108,桃園市新屋區,49256
108,桃園市觀音區,67956
108,桃園市復興區,12176
108,臺中市中區,18390
108,臺中市東區,75943
108,臺中市南區,126571
108,臺中市西區,115273
108,臺中市北區,147391
108,臺中市西屯區,230501
108,臺中市南屯區,173532
108,臺中市北屯區,283621
108,臺中市豐原區,166875
108,臺中市東勢區,49773
108,臺中市大甲區,76822
108,臺中市清水區,87587
108,臺中市沙鹿區,94755
108,臺中市梧棲區,58921
108,臺中市后里區,54666
108,臺中市神岡區,65679
108,臺中市潭子區,109324
108,臺中市大雅區,95772
108,臺中市新社區,24289
108,臺中市石岡區,14758
108,臺中市外埔區,32224
108,臺中市大安區,19111
108,臺中市烏日區,75610
108,臺中市大肚區,57085
108,臺中市龍井區,78027
108,臺中市霧峰區,65419
108,臺中市太平區,193729
108,臺中市大里區,212711
108,臺中市和平區,10902
108,臺南市新營區,76969
108,臺南市鹽水區,25223
108,臺南市白河區,27688
108,臺南市柳營區,21068
108,臺南市後壁區,23001
108,臺南市東山區,20449
108,臺南市麻豆區,43993
108,臺南市下營區,23686
108,臺南市六甲區,21886
108,臺南市官田區,21371
108,臺南市大內區,9391
108,臺南市佳里區,59089
108,臺南市學甲區,25501
108,臺南市西港區,24554
108,臺南市七股區,22299
108,臺南市將軍區,19353
108,臺南市北門區,10830
108,臺南市新化區,43254
108,臺南市善化區,50018
108,臺南市新市區,37269
108,臺南市安定區,30413
108,臺南市山上區,7199
108,臺南市玉井區,13769
108,臺南市楠西區,9319
108,臺南市南化區,8583
108,臺南市左鎮區,4676
108,臺南市仁德區,76094
108,臺南市歸仁區,68135
108,臺南市關廟區,34202
108,臺南市龍崎區,3900
108,臺南市永康區,235699
108,臺南市東區,186009
108,臺南市南區,124696
108,臺南市北區,131480
108,臺南市安南區,194228
108,臺南市安平區,67119
108,臺南市中西區,78493
108,高雄市鹽埕區,23889
108,高雄市鼓山區,141055
108,高雄市左營區,197728
108,高雄市楠梓區,187999
108,高雄市三民區,339269
108,高雄市新興區,51014
108,高雄市前金區,26879
108,高雄市苓雅區,168825
108,高雄市前鎮區,187524
108,高雄市旗津區,28129
108,高雄市小港區,157793
108,高雄市鳳山區,359882
108,高雄市林園區,69604
108,高雄市大寮區,112259
108,高雄市大樹區,42142
108,高雄市大社區,34410
108,高雄市仁武區,89595
108,高雄市鳥松區,44960
108,高雄市岡山區,97127
108,高雄市橋頭區,38254
108,高雄市燕巢區,29686
108,高雄市田寮區,7043
108,高雄市阿蓮區,28489
108,高雄市路竹區,52185
108,高雄市湖內區,29684
108,高雄市茄萣區,30006
108,高雄市永安區,13786
108,高雄市彌陀區,19049
108,高雄市梓官區,35750
108,高雄市旗山區,36313
108,高雄市美濃區,39074
108,高雄市六龜區,12633
108,高雄市甲仙區,5943
108,高雄市杉林區,11681
108,高雄市內門區,14195
108,高雄市茂林區,1937
108,高雄市桃源區,4261
108,高雄市那瑪夏區,3146
108,宜蘭縣宜蘭市,95562
108,宜蘭縣羅東鎮,71898
108,宜蘭縣蘇澳鎮,39155
108,宜蘭縣頭城鎮,28985
108,宜蘭縣礁溪鄉,35417
108,宜蘭縣壯圍鄉,24424
108,宜蘭縣員山鄉,32284
108,宜蘭縣冬山鄉,53103
108,宜蘭縣五結鄉,39959
108,宜蘭縣三星鄉,21278
108,宜蘭縣大同鄉,6143
108,宜蘭縣南澳鄉,5970
108,新竹縣竹北市,194516
108,新竹縣關西鎮,28055
108,新竹縣新埔鎮,32798
108,新竹縣竹東鎮,97127
108,新竹縣湖口鄉,77908
108,新竹縣橫山鄉,12789
108,新竹縣新豐鄉,57292
108,新竹縣芎林鄉,19934
108,新竹縣寶山鄉,14626
108,新竹縣北埔鄉,9178
108,新竹縣峨眉鄉,5479
108,新竹縣尖石鄉,9638
108,新竹縣五峰鄉,4593
108,苗栗縣苗栗市,87976
108,苗栗縣頭份市,103701
108,苗栗縣苑裡鎮,44848
108,苗栗縣通霄鎮,33471
108,苗栗縣竹南鎮,86565
108,苗栗縣後龍鎮,35675
108,苗栗縣卓蘭鎮,16448
108,苗栗縣大湖鄉,14194
108,苗栗縣公館鄉,32754
108,苗栗縣銅鑼鄉,17588
108,苗栗縣南庄鄉,9813
108,苗栗縣頭屋鄉,10455
108,苗栗縣三義鄉,15970
108,苗栗縣西湖鄉,6877
108,苗栗縣造橋鄉,12473
108,苗栗縣三灣鄉,6532
108,苗栗縣獅潭鄉,4231
108,苗栗縣泰安鄉,5888
108,彰化縣彰化市,232259
108,彰化縣員林市,125008
108,彰化縣鹿港鎮,86931
108,彰化縣和美鎮,90530
108,彰化縣北斗鎮,33348
108,彰化縣溪湖鎮,55185
108,彰化縣田中鎮,41244
108,彰化縣二林鎮,50075
108,彰化縣線西鄉,16733
108,彰化縣伸港鄉,37449
108,彰化縣福興鄉,46748
108,彰化縣秀水鄉,39068
108,彰化縣花壇鄉,45566
108,彰化縣芬園鄉,23383
108,彰化縣大村鄉,37124
108,彰化縣埔鹽鄉,32183
108,彰化縣埔心鄉,34734
108,彰化縣永靖鄉,36651
108,彰化縣社頭鄉,42573
108,彰化縣二水鄉,14843
108,彰化縣田尾鄉,26993
108,彰化縣埤頭鄉,30394
108,彰化縣芳苑鄉,33084
108,彰化縣大城鄉,16359
108,彰化縣竹塘鄉,14926
108,彰化縣溪州鄉,29411
108,南投縣南投市,99199
108,南投縣埔里鎮,79789
108,南投縣草屯鎮,97608
108,南投縣竹山鎮,53932
108,南投縣集集鎮,10615
108,南投縣名間鄉,37951
108,南投縣鹿谷鄉,17509
108,南投縣中寮鄉,14495
108,南投縣魚池鄉,15611
108,南投縣國姓鄉,18245
108,南投縣水里鄉,17247
108,南投縣信義鄉,16006
108,南投縣仁愛鄉,15905
108,雲林縣斗六市,108606
108,雲林縣斗南鎮,44296
108,雲林縣虎尾鎮,70994
108,雲林縣西螺鎮,45723
108,雲林縣土庫鎮,28544
108,雲林縣北港鎮,39397
108,雲林縣古坑鄉,31202
108,雲林縣大埤鄉,18801
108,雲林縣莿桐鄉,28524
108,雲林縣林內鄉,17776
108,雲林縣二崙鄉,26371
108,雲林縣崙背鄉,24025
108,雲林縣麥寮鄉,47196
108,雲林縣東勢鄉,14416
108,雲林縣褒忠鄉,12682
108,雲林縣臺西鄉,23312
108,雲林縣元長鄉,25118
108,雲林縣四湖鄉,22749
108,雲林縣口湖鄉,26830
108,雲林縣水林鄉,24744
108,嘉義縣太保市,38301
108,嘉義縣朴子市,41855
108,嘉義縣布袋鎮,26381
108,嘉義縣大林鎮,30684
108,嘉義縣民雄鄉,71362
108,嘉義縣溪口鄉,14283
108,嘉義縣新港鄉,31420
108,嘉義縣六腳鄉,22540
108,嘉義縣東石鄉,24194
108,嘉義縣義竹鄉,17883
108,嘉義縣鹿草鄉,15118
108,嘉義縣水上鄉,49195
108,嘉義縣中埔鄉,44325
108,嘉義縣竹崎鄉,35207
108,嘉義縣梅山鄉,18963
108,嘉義縣番路鄉,11262
108,嘉義縣大埔鄉,4596
108,嘉義縣阿里山鄉,5544
108,屏東縣屏東市,198990
108,屏東縣潮州鎮,53831
108,屏東縣東港鎮,47161
108,屏東縣恆春鎮,30662
108,屏東縣萬丹鄉,50427
108,屏東縣長治鄉,29536
108,屏東縣麟洛鄉,10906
108,屏東縣九如鄉,21989
108,屏東縣里港鄉,25853
108,屏東縣鹽埔鄉,25332
108,屏東縣高樹鄉,24006
108,屏東縣萬巒鄉,20473
108,屏東縣內埔鄉,53583
108,屏東縣竹田鄉,16863
108,屏東縣新埤鄉,9737
108,屏東縣枋寮鄉,24023
108,屏東縣新園鄉,34468
108,屏東縣崁頂鄉,15419
108,屏東縣林邊鄉,17583
108,屏東縣南州鄉,10513
108,屏東縣佳冬鄉,18846
108,屏東縣琉球鄉,12232
108,屏東縣車城鄉,8403
108,屏東縣滿州鄉,7686
108,屏東縣枋山鄉,5349
108,屏東縣三地門鄉,7673
108,屏東縣霧臺鄉,3295
108,屏東縣瑪家鄉,6787
108,屏東縣泰武鄉,5408
108,屏東縣來義鄉,7427
108,屏東縣春日鄉,4944
108,屏東縣獅子鄉,4912
108,屏東縣牡丹鄉,4867
108,臺東縣臺東市,105202
108,臺東縣成功鎮,13748
108,臺東縣關山鎮,8575
108,臺東縣卑南鄉,17132
108,臺東縣大武鄉,5851
108,臺東縣太麻里鄉,10984
108,臺東縣東河鄉,8349
108,臺東縣長濱鄉,7021
108,臺東縣鹿野鄉,7744
108,臺東縣池上鄉,8141
108,臺東縣綠島鄉,4045
108,臺東縣延平鄉,3540
108,臺東縣海端鄉,4120
108,臺東縣達仁鄉,3499
108,臺東縣金峰鄉,3703
108,臺東縣蘭嶼鄉,5127
108,花蓮縣花蓮市,103404
108,花蓮縣鳳林鎮,10802
108,花蓮縣玉里鎮,23648
108,花蓮縣新城鄉,20083
108,花蓮縣吉安鄉,83583
108,花蓮縣壽豐鄉,17820
108,花蓮縣光復鄉,12536
108,花蓮縣豐濱鄉,4476
108,花蓮縣瑞穗鄉,11433
108,花蓮縣富里鄉,10161
108,花蓮縣秀林鄉,15953
108,花蓮縣萬榮鄉,6313
108,花蓮縣卓溪鄉,6035
108,澎湖縣馬公市,62999
108,澎湖縣湖西鄉,14997
108,澎湖縣白沙鄉,9833
108,澎湖縣西嶼鄉,8306
108,澎湖縣望安鄉,5273
108,澎湖縣七美鄉,3799
108,基隆市中正區,51483
108,基隆市七堵區,53732
108,基隆市暖暖區,38535
108,基隆市仁愛區,43201
108,基隆市中山區,46897
108,基隆市安樂區,82267
108,基隆市信義區,52778
108,新竹市東區,217841
108,新竹市北區,152351
108,新竹市香山區,78611
108,嘉義市東區,120825
108,嘉義市西區,146865
108,金門縣金城鎮,43253
108,金門縣金湖鎮,30171
108,金門縣金沙鎮,20802
108,金門縣金寧鄉,32531
108,金門縣烈嶼鄉,12749
108,金門縣烏坵鄉,679
108,連江縣南竿鄉,7599
108,連江縣北竿鄉,2595
108,連江縣莒光鄉,1543
108,連江縣東引鄉,1352
109,新北市板橋區,557114
109,新北市三重區,385328
109,新北市中和區,411214
109,新北市永和區,219364
109,新北市新莊區,422653
109,新北市新店區,303532
109,新北市樹林區,183470
109,新北市鶯歌區,87674
109,新北市三峽區,116917
109,新北市淡水區,183278
109,新北市汐止區,205847
109,新北市瑞芳區,39077
109,新北市土城區,238277
109,新北市蘆洲區,202456
109,新北市五股區,89470
109,新北市泰山區,78412
109,新北市林口區,121192
109,新北市深坑區,23723
109,新北市石碇區,7565
109,新北市坪林區,6703
109,新北市三芝區,22540
109,新北市石門區,11480
109,新北市八里區,39741
109,新北市平溪區,4424
109,新北市雙溪區,8468
109,新北市貢寮區,11782
109,新北市金山區,21127
109,新北市萬里區,21710
109,新北市烏來區,6416
109,臺北市松山區,200316
109,臺北市信義區,215240
109,臺北市大安區,302644
109,臺北市中山區,223876
109,臺北市中正區,155397
109,臺北市大同區,123849
109,臺北市萬華區,183088
109,臺北市文山區,268130
109,臺北市南港區,118758
109,臺北市內湖區,282525
109,臺北市士林區,278451
109,臺北市北投區,250144
109,桃園市桃園區,457245
109,桃園市中壢區,422471
109,桃園市大溪區,95664
109,桃園市楊梅區,175142
109,桃園市蘆竹區,167060
109,桃園市大園區,93887
109,桃園市龜山區,164398
109,桃園市八德區,209202
109,桃園市龍潭區,124408
109,桃園市平鎮區,228611
109,桃園市新屋區,49333
109,桃園市觀音區,69032
109,桃園市復興區,12354
109,臺中市中區,18168
109,臺中市東區,75913
109,臺中市南區,126769
109,臺中市西區,114583
109,臺中市北區,146590
109,臺中市西屯區,231730
109,臺中市南屯區,176062
109,臺中市北屯區,287344
109,臺中市豐原區,166053
109,臺中市東勢區,49169
109,臺中市大甲區,76130
109,臺中市清水區,88009
109,臺中市沙鹿區,95226
109,臺中市梧棲區,59273
109,臺中市后里區,54343
109,臺中市神岡區,65529
109,臺中市潭子區,109309
109,臺中市大雅區,95693
109,臺中市新社區,24064
109,臺中市石岡區,14670
109,臺中市外埔區,31940
109,臺中市大安區,18864
109,臺中市烏日區,76494
109,臺中市大肚區,56777
109,臺中市龍井區,78095
109,臺中市霧峰區,65094
109,臺中市太平區,194970
109,臺中市大里區,213117
109,臺中市和平區,10809
109,臺南市新營區,76331
109,臺南市鹽水區,25001
109,臺南市白河區,27245
109,臺南市柳營區,20826
109,臺南市後壁區,22755
109,臺南市東山區,20152
109,臺南市麻豆區,43713
109,臺南市下營區,23452
109,臺南市六甲區,21668
109,臺南市官田區,21212
109,臺南市大內區,9200
109,臺南市佳里區,58785
109,臺南市學甲區,25293
109,臺南市西港區,24522
109,臺南市七股區,22142
109,臺南市將軍區,19073
109,臺南市北門區,10601
109,臺南市新化區,43317
109,臺南市善化區,50814
109,臺南市新市區,37660
109,臺南市安定區,30374
109,臺南市山上區,7128
109,臺南市玉井區,13602
109,臺南市楠西區,9178
109,臺南市南化區,8398
109,臺南市左鎮區,4569
109,臺南市仁德區,76385
109,臺南市歸仁區,68164
109,臺南市關廟區,33941
109,臺南市龍崎區,3768
109,臺南市永康區,235415
109,臺南市東區,184958
109,臺南市南區,123789
109,臺南市北區,130094
109,臺南市安南區,195623
109,臺南市安平區,67213
109,臺南市中西區,78556
109,高雄市鹽埕區,23553
109,高雄市鼓山區,141488
109,高雄市左營區,197306
109,高雄市楠梓區,189426
109,高雄市三民區,336868
109,高雄市新興區,50490
109,高雄市前金區,26668
109,高雄市苓雅區,167280
109,高雄市前鎮區,185828
109,高雄市旗津區,27785
109,高雄市小港區,157356
109,高雄市鳳山區,359576
109,高雄市林園區,69478
109,高雄市大寮區,112265
109,高雄市大樹區,41764
109,高雄市大社區,34324
109,高雄市仁武區,91893
109,高雄市鳥松區,44938
109,高雄市岡山區,96841
109,高雄市橋頭區,38955
109,高雄市燕巢區,29493
109,高雄市田寮區,6919
109,高雄市阿蓮區,28331
109,高雄市路竹區,51726
109,高雄市湖內區,29882
109,高雄市茄萣區,29960
109,高雄市永安區,13705
109,高雄市彌陀區,18872
109,高雄市梓官區,35517
109,高雄市旗山區,35764
109,高雄市美濃區,38611
109,高雄市六龜區,12391
109,高雄市甲仙區,5877
109,高雄市杉林區,11541
109,高雄市內門區,13976
109,高雄市茂林區,1915
109,高雄市桃源區,4223
109,高雄市那瑪夏區,3147
109,宜蘭縣宜蘭市,95395
109,宜蘭縣羅東鎮,71484
109,宜蘭縣蘇澳鎮,38864
109,宜蘭縣頭城鎮,28819
109,宜蘭縣礁溪鄉,35274
109,宜蘭縣壯圍鄉,24366
109,宜蘭縣員山鄉,32258
109,宜蘭縣冬山鄉,53024
109,宜蘭縣五結鄉,40297
109,宜蘭縣三星鄉,21215
109,宜蘭縣大同鄉,6137
109,宜蘭縣南澳鄉,5954
109,新竹縣竹北市,200782
109,新竹縣關西鎮,27775
109,新竹縣新埔鎮,33027
109,新竹縣竹東鎮,97100
109,新竹縣湖口鄉,78971
109,新竹縣橫山鄉,12547
109,新竹縣新豐鄉,57511
109,新竹縣芎林鄉,19872
109,新竹縣寶山鄉,14619
109,新竹縣北埔鄉,9035
109,新竹縣峨眉鄉,5403
109,新竹縣尖石鄉,9646
109,新竹縣五峰鄉,4487
109,苗栗縣苗栗市,87671
109,苗栗縣頭份市,104441
109,苗栗縣苑裡鎮,44562
109,苗栗縣通霄鎮,33061
109,苗栗縣竹南鎮,87190
109,苗栗縣後龍鎮,35221
109,苗栗縣卓蘭鎮,16196
109,苗栗縣大湖鄉,13884
109,苗栗縣公館鄉,32397
109,苗栗縣銅鑼鄉,17279
109,苗栗縣南庄鄉,9573
109,苗栗縣頭屋鄉,10240
109,苗栗縣三義鄉,15665
109,苗栗縣西湖鄉,6729
109,苗栗縣造橋鄉,12177
109,苗栗縣三灣鄉,6364
109,苗栗縣獅潭鄉,4158
109,苗栗縣泰安鄉,5782
109,彰化縣彰化市,231317
109,彰化縣員林市,124263
109,彰化縣鹿港鎮,86550
109,彰化縣和美鎮,90095
109,彰化縣北斗鎮,33358
109,彰化縣溪湖鎮,54814
109,彰化縣田中鎮,40717
109,彰化縣二林鎮,49687
109,彰化縣線西鄉,16665
109,彰化縣伸港鄉,37740
109,彰化縣福興鄉,46399
109,彰化縣秀水鄉,38872
109,彰化縣花壇鄉,45232
109,彰化縣芬園鄉,23188
109,彰化縣大村鄉,38457
109,彰化縣埔鹽鄉,31919
109,彰化縣埔心鄉,34451
109,彰化縣永靖鄉,36300
109,彰化縣社頭鄉,42436
109,彰化縣二水鄉,14642
109,彰化縣田尾鄉,26691
109,彰化縣埤頭鄉,30072
109,彰化縣芳苑鄉,32720
109,彰化縣大城鄉,16119
109,彰化縣竹塘鄉,14808
109,彰化縣溪州鄉,29158
109,南投縣南投市,99081
109,南投縣埔里鎮,79191
109,南投縣草屯鎮,97489
109,南投縣竹山鎮,53464
109,南投縣集集鎮,10461
109,南投縣名間鄉,37507
109,南投縣鹿谷鄉,17231
109,南投縣中寮鄉,14301
109,南投縣魚池鄉,15466
109,南投縣國姓鄉,17965
109,南投縣水里鄉,16980
109,南投縣信義鄉,15878
109,南投縣仁愛鄉,15818
109,雲林縣斗六市,108677
109,雲林縣斗南鎮,44154
109,雲林縣虎尾鎮,70899
109,雲林縣西螺鎮,45463
109,雲林縣土庫鎮,28305
109,雲林縣北港鎮,39089
109,雲林縣古坑鄉,30868
109,雲林縣大埤鄉,18604
109,雲林縣莿桐鄉,28311
109,雲林縣林內鄉,17434
109,雲林縣二崙鄉,26029
109,雲林縣崙背鄉,23784
109,雲林縣麥寮鄉,47951
109,雲林縣東勢鄉,14155
109,雲林縣褒忠鄉,12477
109,雲林縣臺西鄉,23012
109,雲林縣元長鄉,24694
109,雲林縣四湖鄉,22387
109,雲林縣口湖鄉,26403
109,雲林縣水林鄉,24177
109,嘉義縣太保市,38536
109,嘉義縣朴子市,41669
109,嘉義縣布袋鎮,25990
109,嘉義縣大林鎮,30381
109,嘉義縣民雄鄉,71317
109,嘉義縣溪口鄉,14055
109,嘉義縣新港鄉,31162
109,嘉義縣六腳鄉,22196
109,嘉義縣東石鄉,23766
109,嘉義縣義竹鄉,17602
109,嘉義縣鹿草鄉,14913
109,嘉義縣水上鄉,49012
109,嘉義縣中埔鄉,44131
109,嘉義縣竹崎鄉,34797
109,嘉義縣梅山鄉,18687
109,嘉義縣番路鄉,11180
109,嘉義縣大埔鄉,4560
109,嘉義縣阿里山鄉,5527
109,屏東縣屏東市,197647
109,屏東縣潮州鎮,53842
109,屏東縣東港鎮,46731
109,屏東縣恆春鎮,30414
109,屏東縣萬丹鄉,50126
109,屏東縣長治鄉,29470
109,屏東縣麟洛鄉,10770
109,屏東縣九如鄉,21962
109,屏東縣里港鄉,25707
109,屏東縣鹽埔鄉,24999
109,屏東縣高樹鄉,23775
109,屏東縣萬巒鄉,20189
109,屏東縣內埔鄉,53330
109,屏東縣竹田鄉,16615
109,屏東縣新埤鄉,9561
109,屏東縣枋寮鄉,23680
109,屏東縣新園鄉,33939
109,屏東縣崁頂鄉,15378
109,屏東縣林邊鄉,17275
109,屏東縣南州鄉,10364
109,屏東縣佳冬鄉,18620
109,屏東縣琉球鄉,12121
109,屏東縣車城鄉,8278
109,屏東縣滿州鄉,7471
109,屏東縣枋山鄉,5240
109,屏東縣三地門鄉,7689
109,屏東縣霧臺鄉,3247
109,屏東縣瑪家鄉,6768
109,屏東縣泰武鄉,5351
109,屏東縣來義鄉,7448
109,屏東縣春日鄉,4947
109,屏東縣獅子鄉,4839
109,屏東縣牡丹鄉,4865
109,臺東縣臺東市,104803
109,臺東縣成功鎮,13505
109,臺東縣關山鎮,8420
109,臺東縣卑南鄉,16961
109,臺東縣大武鄉,5727
109,臺東縣太麻里鄉,10925
109,臺東縣東河鄉,8203
109,臺東縣長濱鄉,6926
109,臺東縣鹿野鄉,7601
109,臺東縣池上鄉,8073
109,臺東縣綠島鄉,4026
109,臺東縣延平鄉,3549
109,臺東縣海端鄉,4105
109,臺東縣達仁鄉,3489
109,臺東縣金峰鄉,3699
109,臺東縣蘭嶼鄉,5249
109,花蓮縣花蓮市,102539
109,花蓮縣鳳林鎮,10821
109,花蓮縣玉里鎮,23381
109,花蓮縣新城鄉,20058
109,花蓮縣吉安鄉,83507
109,花蓮縣壽豐鄉,17589
109,花蓮縣光復鄉,12369
109,花蓮縣豐濱鄉,4376
109,花蓮縣瑞穗鄉,11312
109,花蓮縣富里鄉,10004
109,花蓮縣秀林鄉,16143
109,花蓮縣萬榮鄉,6237
109,花蓮縣卓溪鄉,6036
109,澎湖縣馬公市,63206
109,澎湖縣湖西鄉,15230
109,澎湖縣白沙鄉,9907
109,澎湖縣西嶼鄉,8353
109,澎湖縣望安鄉,5371
109,澎湖縣七美鄉,3885
109,基隆市中正區,51224
109,基隆市七堵區,53615
109,基隆市暖暖區,38548
109,基隆市仁愛區,42787
109,基隆市中山區,46459
109,基隆市安樂區,81776
109,基隆市信義區,53168
109,新竹市東區,220056
109,新竹市北區,152612
109,新竹市香山區,78744
109,嘉義市東區,119715
109,嘉義市西區,146290
109,金門縣金城鎮,43000
109,金門縣金湖鎮,30400
109,金門縣金沙鎮,20732
109,金門縣金寧鄉,33070
109,金門縣烈嶼鄉,12733
109,金門縣烏坵鄉,662
109,連江縣南竿鄉,7638
109,連江縣北竿鄉,2717
109,連江縣莒光鄉,1489
109,連江縣東引鄉,1435
110,新北市板橋區,552713
110,新北市三重區,381731
110,新北市中和區,406140
110,新北市永和區,214967
110,新北市新莊區,421381
110,新北市新店區,299696
110,新北市樹林區,181903
110,新北市鶯歌區,88131
110,新北市三峽區,116019
110,新北市淡水區,185197
110,新北市汐止區,205990
110,新北市瑞芳區,38449
110,新北市土城區,237484
110,新北市蘆洲區,201489
110,新北市五股區,90465
110,新北市泰山區,77451
110,新北市林口區,124628
110,新北市深坑區,23646
110,新北市石碇區,7487
110,新北市坪林區,6619
110,新北市三芝區,22357
110,新北市石門區,11193
110,新北市八里區,40178
110,新北市平溪區,4333
110,新北市雙溪區,8235
110,新北市貢寮區,11534
110,新北市金山區,20844
110,新北市萬里區,21462
110,新北市烏來區,6391
110,臺北市松山區,193388
110,臺北市信義區,207500
110,臺北市大安區,291410
110,臺北市中山區,215567
110,臺北市中正區,150644
110,臺北市大同區,120772
110,臺北市萬華區,176617
110,臺北市文山區,261576
110,臺北市南港區,115780
110,臺北市內湖區,276707
110,臺北市士林區,269682
110,臺北市北投區,244750
110,桃園市桃園區,458847
110,桃園市中壢區,422529
110,桃園市大溪區,94870
110,桃園市楊梅區,176757
110,桃園市蘆竹區,166394
110,桃園市大園區,92172
110,桃園市龜山區,166767
110,桃園市八德區,209665
110,桃園市龍潭區,124442
110,桃園市平鎮區,228203
110,桃園市新屋區,49094
110,桃園市觀音區,69995
110,桃園市復興區,12656
110,臺中市中區,17689
110,臺中市東區,75588
110,臺中市南區,126008
110,臺中市西區,112740
110,臺中市北區,143917
110,臺中市西屯區,230888
110,臺中市南屯區,176782
110,臺中市北屯區,290653
110,臺中市豐原區,164726
110,臺中市東勢區,48333
110,臺中市大甲區,75516
110,臺中市清水區,88366
110,臺中市沙鹿區,96039
110,臺中市梧棲區,59517
110,臺中市后里區,53961
110,臺中市神岡區,64841
110,臺中市潭子區,109270
110,臺中市大雅區,95521
110,臺中市新社區,23650
110,臺中市石岡區,14419
110,臺中市外埔區,31564
110,臺中市大安區,18485
110,臺中市烏日區,77245
110,臺中市大肚區,56458
110,臺中市龍井區,77976
110,臺中市霧峰區,64602
110,臺中市太平區,195613
110,臺中市大里區,212253
110,臺中市和平區,10870
110,臺南市新營區,75506
110,臺南市鹽水區,24777
110,臺南市白河區,26693
110,臺南市柳營區,20618
110,臺南市後壁區,22322
110,臺南市東山區,19788
110,臺南市麻豆區,43373
110,臺南市下營區,23062
110,臺南市六甲區,21488
110,臺南市官田區,21035
110,臺南市大內區,9048
110,臺南市佳里區,58482
110,臺南市學甲區,24981
110,臺南市西港區,24495
110,臺南市七股區,21757
110,臺南市將軍區,18843
110,臺南市北門區,10397
110,臺南市新化區,42809
110,臺南市善化區,51265
110,臺南市新市區,37546
110,臺南市安定區,30105
110,臺南市山上區,6996
110,臺南市玉井區,13342
110,臺南市楠西區,9031
110,臺南市南化區,8264
110,臺南市左鎮區,4428
110,臺南市仁德區,76497
110,臺南市歸仁區,68001
110,臺南市關廟區,33860
110,臺南市龍崎區,3668
110,臺南市永康區,234624
110,臺南市東區,182489
110,臺南市南區,122345
110,臺南市北區,127913
110,臺南市安南區,197061
110,臺南市安平區,67446
110,臺南市中西區,77704
110,高雄市鹽埕區,22912
110,高雄市鼓山區,140410
110,高雄市左營區,196314
110,高雄市楠梓區,190149
110,高雄市三民區,333038
110,高雄市新興區,49383
110,高雄市前金區,26416
110,高雄市苓雅區,164572
110,高雄市前鎮區,182805
110,高雄市旗津區,27204
110,高雄市小港區,156035
110,高雄市鳳山區,357946
110,高雄市林園區,68893
110,高雄市大寮區,111933
110,高雄市大樹區,41257
110,高雄市大社區,34050
110,高雄市仁武區,93581
110,高雄市鳥松區,44393
110,高雄市岡山區,95922
110,高雄市橋頭區,40094
110,高雄市燕巢區,29244
110,高雄市田寮區,6788
110,高雄市阿蓮區,28011
110,高雄市路竹區,51217
110,高雄市湖內區,29648
110,高雄市茄萣區,29812
110,高雄市永安區,13618
110,高雄市彌陀區,18627
110,高雄市梓官區,35117
110,高雄市旗山區,35162
110,高雄市美濃區,37949
110,高雄市六龜區,12135
110,高雄市甲仙區,5788
110,高雄市杉林區,11288
110,高雄市內門區,13770
110,高雄市茂林區,1874
110,高雄市桃源區,4193
110,高雄市那瑪夏區,3143
110,宜蘭縣宜蘭市,94869
110,宜蘭縣羅東鎮,70732
110,宜蘭縣蘇澳鎮,38272
110,宜蘭縣頭城鎮,28544
110,宜蘭縣礁溪鄉,35057
110,宜蘭縣壯圍鄉,24391
110,宜蘭縣員山鄉,32056
110,宜蘭縣冬山鄉,52928
110,宜蘭縣五結鄉,40539
110,宜蘭縣三星鄉,21206
110,宜蘭縣大同鄉,6088
110,宜蘭縣南澳鄉,6010
110,新竹縣竹北市,206189
110,新竹縣關西鎮,27377
110,新竹縣新埔鎮,32975
110,新竹縣竹東鎮,96590
110,新竹縣湖口鄉,79602
110,新竹縣橫山鄉,12343
110,新竹縣新豐鄉,57908
110,新竹縣芎林鄉,19936
110,新竹縣寶山鄉,14504
110,新竹縣北埔鄉,8797
110,新竹縣峨眉鄉,5309
110,新竹縣尖石鄉,9577
110,新竹縣五峰鄉,4473
110,苗栗縣苗栗市,86939
110,苗栗縣頭份市,105084
110,苗栗縣苑裡鎮,44256
110,苗栗縣通霄鎮,32441
110,苗栗縣竹南鎮,87365
110,苗栗縣後龍鎮,34694
110,苗栗縣卓蘭鎮,15866
110,苗栗縣大湖鄉,13530
110,苗栗縣公館鄉,31867
110,苗栗縣銅鑼鄉,16871
110,苗栗縣南庄鄉,9328
110,苗栗縣頭屋鄉,10026
110,苗栗縣三義鄉,15388
110,苗栗縣西湖鄉,6558
110,苗栗縣造橋鄉,11956
110,苗栗縣三灣鄉,6201
110,苗栗縣獅潭鄉,4117
110,苗栗縣泰安鄉,5691
110,彰化縣彰化市,228470
110,彰化縣員林市,122757
110,彰化縣鹿港鎮,85837
110,彰化縣和美鎮,89558
110,彰化縣北斗鎮,33303
110,彰化縣溪湖鎮,54340
110,彰化縣田中鎮,40123
110,彰化縣二林鎮,49082
110,彰化縣線西鄉,16486
110,彰化縣伸港鄉,37838
110,彰化縣福興鄉,45956
110,彰化縣秀水鄉,38633
110,彰化縣花壇鄉,44795
110,彰化縣芬園鄉,22827
110,彰化縣大村鄉,39835
110,彰化縣埔鹽鄉,31682
110,彰化縣埔心鄉,34037
110,彰化縣永靖鄉,35879
110,彰化縣社頭鄉,42026
110,彰化縣二水鄉,14377
110,彰化縣田尾鄉,26407
110,彰化縣埤頭鄉,29706
110,彰化縣芳苑鄉,32110
110,彰化縣大城鄉,15733
110,彰化縣竹塘鄉,14584
110,彰化縣溪州鄉,28949
110,南投縣南投市,98244
110,南投縣埔里鎮,78107
110,南投縣草屯鎮,96923
110,南投縣竹山鎮,52629
110,南投縣集集鎮,10227
110,南投縣名間鄉,36925
110,南投縣鹿谷鄉,16850
110,南投縣中寮鄉,14013
110,南投縣魚池鄉,15162
110,南投縣國姓鄉,17557
110,南投縣水里鄉,16665
110,南投縣信義鄉,15785
110,南投縣仁愛鄉,15810
110,雲林縣斗六市,108100
110,雲林縣斗南鎮,43584
110,雲林縣虎尾鎮,70648
110,雲林縣西螺鎮,45029
110,雲林縣土庫鎮,27938
110,雲林縣北港鎮,38437
110,雲林縣古坑鄉,30438
110,雲林縣大埤鄉,18451
110,雲林縣莿桐鄉,27970
110,雲林縣林內鄉,17131
110,雲林縣二崙鄉,25660
110,雲林縣崙背鄉,23584
110,雲林縣麥寮鄉,48695
110,雲林縣東勢鄉,13849
110,雲林縣褒忠鄉,12279
110,雲林縣臺西鄉,22558
110,雲林縣元長鄉,24177
110,雲林縣四湖鄉,21891
110,雲林縣口湖鄉,25976
110,雲林縣水林鄉,23737
110,嘉義縣太保市,38571
110,嘉義縣朴子市,41256
110,嘉義縣布袋鎮,25521
110,嘉義縣大林鎮,30068
110,嘉義縣民雄鄉,70675
110,嘉義縣溪口鄉,13761
110,嘉義縣新港鄉,30705
110,嘉義縣六腳鄉,21774
110,嘉義縣東石鄉,23464
110,嘉義縣義竹鄉,17232
110,嘉義縣鹿草鄉,14658
110,嘉義縣水上鄉,48529
110,嘉義縣中埔鄉,43602
110,嘉義縣竹崎鄉,34190
110,嘉義縣梅山鄉,18324
110,嘉義縣番路鄉,11033
110,嘉義縣大埔鄉,4533
110,嘉義縣阿里山鄉,5420
110,屏東縣屏東市,195862
110,屏東縣潮州鎮,53546
110,屏東縣東港鎮,46268
110,屏東縣恆春鎮,30089
110,屏東縣萬丹鄉,49696
110,屏東縣長治鄉,29337
110,屏東縣麟洛鄉,10629
110,屏東縣九如鄉,21734
110,屏東縣里港鄉,25696
110,屏東縣鹽埔鄉,24586
110,屏東縣高樹鄉,23439
110,屏東縣萬巒鄉,19915
110,屏東縣內埔鄉,52544
110,屏東縣竹田鄉,16318
110,屏東縣新埤鄉,9451
110,屏東縣枋寮鄉,23246
110,屏東縣新園鄉,33447
110,屏東縣崁頂鄉,15272
110,屏東縣林邊鄉,17023
110,屏東縣南州鄉,10133
110,屏東縣佳冬鄉,18321
110,屏東縣琉球鄉,12104
110,屏東縣車城鄉,8181
110,屏東縣滿州鄉,7353
110,屏東縣枋山鄉,5150
110,屏東縣三地門鄉,7711
110,屏東縣霧臺鄉,3259
110,屏東縣瑪家鄉,6706
110,屏東縣泰武鄉,5360
110,屏東縣來義鄉,7397
110,屏東縣春日鄉,4930
110,屏東縣獅子鄉,4888
110,屏東縣牡丹鄉,4849
110,臺東縣臺東市,103943
110,臺東縣成功鎮,13330
110,臺東縣關山鎮,8274
110,臺東縣卑南鄉,16833
110,臺東縣大武鄉,5635
110,臺東縣太麻里鄉,10819
110,臺東縣東河鄉,8106
110,臺東縣長濱鄉,6791
110,臺東縣鹿野鄉,7482
110,臺東縣池上鄉,7976
110,臺東縣綠島鄉,4124
110,臺東縣延平鄉,3591
110,臺東縣海端鄉,4151
110,臺東縣達仁鄉,3437
110,臺東縣金峰鄉,3663
110,臺東縣蘭嶼鄉,5231
110,花蓮縣花蓮市,100955
110,花蓮縣鳳林鎮,10679
110,花蓮縣玉里鎮,22878
110,花蓮縣新城鄉,20252
110,花蓮縣吉安鄉,83122
110,花蓮縣壽豐鄉,17351
110,花蓮縣光復鄉,12185
110,花蓮縣豐濱鄉,4327
110,花蓮縣瑞穗鄉,11123
110,花蓮縣富里鄉,9812
110,花蓮縣秀林鄉,16555
110,花蓮縣萬榮鄉,6152
110,花蓮縣卓溪鄉,5967
110,澎湖縣馬公市,63289
110,澎湖縣湖西鄉,15447
110,澎湖縣白沙鄉,9989
110,澎湖縣西嶼鄉,8338
110,澎湖縣望安鄉,5415
110,澎湖縣七美鄉,3862
110,基隆市中正區,50654
110,基隆市七堵區,53276
110,基隆市暖暖區,38398
110,基隆市仁愛區,41842
110,基隆市中山區,45755
110,基隆市安樂區,81001
110,基隆市信義區,53051
110,新竹市東區,221651
110,新竹市北區,152348
110,新竹市香山區,78641
110,嘉義市東區,118956
110,嘉義市西區,145771
110,金門縣金城鎮,42845
110,金門縣金湖鎮,30593
110,金門縣金沙鎮,20785
110,金門縣金寧鄉,33901
110,金門縣烈嶼鄉,12743
110,金門縣烏坵鄉,672
110,連江縣南竿鄉,7657
110,連江縣北竿鄉,2998
110,連江縣莒光鄉,1496
110,連江縣東引鄉,1494
111,新北市板橋區,549572
111,新北市三重區,379825
111,新北市中和區,403109
111,新北市永和區,212170
111,新北市新莊區,419966
111,新北市新店區,298594
111,新北市樹林區,180067
111,新北市鶯歌區,88406
111,新北市三峽區,115274
111,新北市淡水區,187823
111,新北市汐止區,206265
111,新北市瑞芳區,37695
111,新北市土城區,237538
111,新北市蘆洲區,199811
111,新北市五股區,91436
111,新北市泰山區,76982
111,新北市林口區,127887
111,新北市深坑區,23528
111,新北市石碇區,7292
111,新北市坪林區,6553
111,新北市三芝區,22228
111,新北市石門區,10961
111,新北市八里區,40902
111,新北市平溪區,4268
111,新北市雙溪區,8102
111,新北市貢寮區,11260
111,新北市金山區,20577
111,新北市萬里區,21101
111,新北市烏來區,6359
111,臺北市松山區,189939
111,臺北市信義區,203780
111,臺北市大安區,284557
111,臺北市中山區,212669
111,臺北市中正區,148103
111,臺北市大同區,118833
111,臺北市萬華區,173040
111,臺北市文山區,257558
111,臺北市南港區,113798
111,臺北市內湖區,272963
111,臺北市士林區,264716
111,臺北市北投區,240725
111,桃園市桃園區,462338
111,桃園市中壢區,423722
111,桃園市大溪區,94313
111,桃園市楊梅區,177602
111,桃園市蘆竹區,167205
111,桃園市大園區,85991
111,桃園市龜山區,172274
111,桃園市八德區,209952
111,桃園市龍潭區,124973
111,桃園市平鎮區,227810
111,桃園市新屋區,49205
111,桃園市觀音區,73026
111,桃園市復興區,13053
111,臺中市中區,17635
111,臺中市東區,75554
111,臺中市南區,125466
111,臺中市西區,112278
111,臺中市北區,142778
111,臺中市西屯區,231866
111,臺中市南屯區,177930
111,臺中市北屯區,295677
111,臺中市豐原區,163476
111,臺中市東勢區,47817
111,臺中市大甲區,74737
111,臺中市清水區,88947
111,臺中市沙鹿區,97002
111,臺中市梧棲區,59848
111,臺中市后里區,53667
111,臺中市神岡區,64308
111,臺中市潭子區,108639
111,臺中市大雅區,95275
111,臺中市新社區,23283
111,臺中市石岡區,14154
111,臺中市外埔區,31264
111,臺中市大安區,18230
111,臺中市烏日區,78122
111,臺中市大肚區,56129
111,臺中市龍井區,77887
111,臺中市霧峰區,64091
111,臺中市太平區,196011
111,臺中市大里區,211469
111,臺中市和平區,10919
111,臺南市新營區,74908
111,臺南市鹽水區,24452
111,臺南市白河區,26203
111,臺南市柳營區,20407
111,臺南市後壁區,21891
111,臺南市東山區,19366
111,臺南市麻豆區,42933
111,臺南市下營區,22635
111,臺南市六甲區,21342
111,臺南市官田區,20849
111,臺南市大內區,8847
111,臺南市佳里區,58063
111,臺南市學甲區,24749
111,臺南市西港區,24713
111,臺南市七股區,21439
111,臺南市將軍區,18618
111,臺南市北門區,10183
111,臺南市新化區,42467
111,臺南市善化區,51842
111,臺南市新市區,37482
111,臺南市安定區,29904
111,臺南市山上區,6976
111,臺南市玉井區,13118
111,臺南市楠西區,8870
111,臺南市南化區,8114
111,臺南市左鎮區,4366
111,臺南市仁德區,76896
111,臺南市歸仁區,68044
111,臺南市關廟區,33424
111,臺南市龍崎區,3601
111,臺南市永康區,234130
111,臺南市東區,180511
111,臺南市南區,121035
111,臺南市北區,126068
111,臺南市安南區,199118
111,臺南市安平區,68025
111,臺南市中西區,77408
111,高雄市鹽埕區,22481
111,高雄市鼓山區,139590
111,高雄市左營區,195296
111,高雄市楠梓區,191313
111,高雄市三民區,330419
111,高雄市新興區,49068
111,高雄市前金區,26633
111,高雄市苓雅區,162642
111,高雄市前鎮區,180282
111,高雄市旗津區,26671
111,高雄市小港區,154808
111,高雄市鳳山區,356016
111,高雄市林園區,68429
111,高雄市大寮區,111514
111,高雄市大樹區,40732
111,高雄市大社區,33670
111,高雄市仁武區,95089
111,高雄市鳥松區,44168
111,高雄市岡山區,95349
111,高雄市橋頭區,40470
111,高雄市燕巢區,28963
111,高雄市田寮區,6655
111,高雄市阿蓮區,27656
111,高雄市路竹區,50602
111,高雄市湖內區,29540
111,高雄市茄萣區,29480
111,高雄市永安區,13776
111,高雄市彌陀區,18468
111,高雄市梓官區,34845
111,高雄市旗山區,34622
111,高雄市美濃區,37317
111,高雄市六龜區,11920
111,高雄市甲仙區,5661
111,高雄市杉林區,11094
111,高雄市內門區,13499
111,高雄市茂林區,1940
111,高雄市桃源區,4258
111,高雄市那瑪夏區,3201
111,宜蘭縣宜蘭市,94679
111,宜蘭縣羅東鎮,70012
111,宜蘭縣蘇澳鎮,37867
111,宜蘭縣頭城鎮,28453
111,宜蘭縣礁溪鄉,34800
111,宜蘭縣壯圍鄉,24417
111,宜蘭縣員山鄉,31918
111,宜蘭縣冬山鄉,52761
111,宜蘭縣五結鄉,40662
111,宜蘭縣三星鄉,21235
111,宜蘭縣大同鄉,6139
111,宜蘭縣南澳鄉,6119
111,新竹縣竹北市,209221
111,新竹縣關西鎮,27099
111,新竹縣新埔鎮,33055
111,新竹縣竹東鎮,96375
111,新竹縣湖口鄉,81232
111,新竹縣橫山鄉,12212
111,新竹縣新豐鄉,58651
111,新竹縣芎林鄉,20159
111,新竹縣寶山鄉,14391
111,新竹縣北埔鄉,8672
111,新竹縣峨眉鄉,5319
111,新竹縣尖石鄉,9574
111,新竹縣五峰鄉,4543
111,苗栗縣苗栗市,86112
111,苗栗縣頭份市,105354
111,苗栗縣苑裡鎮,43927
111,苗栗縣通霄鎮,31835
111,苗栗縣竹南鎮,88364
111,苗栗縣後龍鎮,34358
111,苗栗縣卓蘭鎮,15514
111,苗栗縣大湖鄉,13219
111,苗栗縣公館鄉,31445
111,苗栗縣銅鑼鄉,16682
111,苗栗縣南庄鄉,9046
111,苗栗縣頭屋鄉,9948
111,苗栗縣三義鄉,15151
111,苗栗縣西湖鄉,6440
111,苗栗縣造橋鄉,11706
111,苗栗縣三灣鄉,6143
111,苗栗縣獅潭鄉,4149
111,苗栗縣泰安鄉,5739
111,彰化縣彰化市,226519
111,彰化縣員林市,122367
111,彰化縣鹿港鎮,85370
111,彰化縣和美鎮,88666
111,彰化縣北斗鎮,33259
111,彰化縣溪湖鎮,54056
111,彰化縣田中鎮,39693
111,彰化縣二林鎮,48390
111,彰化縣線西鄉,16303
111,彰化縣伸港鄉,37948
111,彰化縣福興鄉,45445
111,彰化縣秀水鄉,38258
111,彰化縣花壇鄉,44296
111,彰化縣芬園鄉,22456
111,彰化縣大村鄉,40392
111,彰化縣埔鹽鄉,31349
111,彰化縣埔心鄉,33813
111,彰化縣永靖鄉,35464
111,彰化縣社頭鄉,41606
111,彰化縣二水鄉,14168
111,彰化縣田尾鄉,26069
111,彰化縣埤頭鄉,29293
111,彰化縣芳苑鄉,31614
111,彰化縣大城鄉,15455
111,彰化縣竹塘鄉,14370
111,彰化縣溪州鄉,28620
111,南投縣南投市,97361
111,南投縣埔里鎮,77244
111,南投縣草屯鎮,96646
111,南投縣竹山鎮,51863
111,南投縣集集鎮,10068
111,南投縣名間鄉,36234
111,南投縣鹿谷鄉,16477
111,南投縣中寮鄉,13841
111,南投縣魚池鄉,14892
111,南投縣國姓鄉,17256
111,南投縣水里鄉,16387
111,南投縣信義鄉,15594
111,南投縣仁愛鄉,15732
111,雲林縣斗六市,107791
111,雲林縣斗南鎮,43355
111,雲林縣虎尾鎮,70305
111,雲林縣西螺鎮,44578
111,雲林縣土庫鎮,27650
111,雲林縣北港鎮,37849
111,雲林縣古坑鄉,30138
111,雲林縣大埤鄉,18231
111,雲林縣莿桐鄉,27554
111,雲林縣林內鄉,16930
111,雲林縣二崙鄉,25220
111,雲林縣崙背鄉,23098
111,雲林縣麥寮鄉,49354
111,雲林縣東勢鄉,13642
111,雲林縣褒忠鄉,12143
111,雲林縣臺西鄉,22151
111,雲林縣元長鄉,23713
111,雲林縣四湖鄉,21582
111,雲林縣口湖鄉,25566
111,雲林縣水林鄉,23242
111,嘉義縣太保市,38919
111,嘉義縣朴子市,40882
111,嘉義縣布袋鎮,25056
111,嘉義縣大林鎮,29744
111,嘉義縣民雄鄉,70298
111,嘉義縣溪口鄉,13463
111,嘉義縣新港鄉,30302
111,嘉義縣六腳鄉,21331
111,嘉義縣東石鄉,23144
111,嘉義縣義竹鄉,16994
111,嘉義縣鹿草鄉,14426
111,嘉義縣水上鄉,47912
111,嘉義縣中埔鄉,43048
111,嘉義縣竹崎鄉,33792
111,嘉義縣梅山鄉,18052
111,嘉義縣番路鄉,10938
111,嘉義縣大埔鄉,4476
111,嘉義縣阿里山鄉,5381
111,屏東縣屏東市,193941
111,屏東縣潮州鎮,53124
111,屏東縣東港鎮,45908
111,屏東縣恆春鎮,29899
111,屏東縣萬丹鄉,49457
111,屏東縣長治鄉,29126
111,屏東縣麟洛鄉,10592
111,屏東縣九如鄉,21645
111,屏東縣里港鄉,25685
111,屏東縣鹽埔鄉,24266
111,屏東縣高樹鄉,23182
111,屏東縣萬巒鄉,19478
111,屏東縣內埔鄉,52258
111,屏東縣竹田鄉,16073
111,屏東縣新埤鄉,9623
111,屏東縣枋寮鄉,22969
111,屏東縣新園鄉,33091
111,屏東縣崁頂鄉,15168
111,屏東縣林邊鄉,16762
111,屏東縣南州鄉,10049
111,屏東縣佳冬鄉,18095
111,屏東縣琉球鄉,12216
111,屏東縣車城鄉,8194
111,屏東縣滿州鄉,7454
111,屏東縣枋山鄉,5128
111,屏東縣三地門鄉,7793
111,屏東縣霧臺鄉,3324
111,屏東縣瑪家鄉,6796
111,屏東縣泰武鄉,5338
111,屏東縣來義鄉,7423
111,屏東縣春日鄉,4889
111,屏東縣獅子鄉,4891
111,屏東縣牡丹鄉,4866
111,臺東縣臺東市,103252
111,臺東縣成功鎮,13212
111,臺東縣關山鎮,8165
111,臺東縣卑南鄉,16846
111,臺東縣大武鄉,5635
111,臺東縣太麻里鄉,10744
111,臺東縣東河鄉,8060
111,臺東縣長濱鄉,6733
111,臺東縣鹿野鄉,7314
111,臺東縣池上鄉,7995
111,臺東縣綠島鄉,4285
111,臺東縣延平鄉,3630
111,臺東縣海端鄉,4222
111,臺東縣達仁鄉,3482
111,臺東縣金峰鄉,3713
111,臺東縣蘭嶼鄉,5263
111,花蓮縣花蓮市,99558
111,花蓮縣鳳林鎮,10536
111,花蓮縣玉里鎮,22408
111,花蓮縣新城鄉,20256
111,花蓮縣吉安鄉,82795
111,花蓮縣壽豐鄉,17133
111,花蓮縣光復鄉,12015
111,花蓮縣豐濱鄉,4315
111,花蓮縣瑞穗鄉,10968
111,花蓮縣富里鄉,9689
111,花蓮縣秀林鄉,16992
111,花蓮縣萬榮鄉,6175
111,花蓮縣卓溪鄉,6052
111,澎湖縣馬公市,63657
111,澎湖縣湖西鄉,15820
111,澎湖縣白沙鄉,10047
111,澎湖縣西嶼鄉,8341
111,澎湖縣望安鄉,5448
111,澎湖縣七美鄉,3910
111,基隆市中正區,50574
111,基隆市七堵區,53003
111,基隆市暖暖區,38320
111,基隆市仁愛區,41328
111,基隆市中山區,45038
111,基隆市安樂區,80297
111,基隆市信義區,52966
111,新竹市東區,221657
111,新竹市北區,152118
111,新竹市香山區,78698
111,嘉義市東區,117826
111,嘉義市西區,145098
111,金門縣金城鎮,42342
111,金門縣金湖鎮,30636
111,金門縣金沙鎮,20673
111,金門縣金寧鄉,34325
111,金門縣烈嶼鄉,12649
111,金門縣烏坵鄉,670
111,連江縣南竿鄉,7797
111,連江縣北竿鄉,3181
111,連江縣莒光鄉,1471
111,連江縣東引鄉,1534
